id,first_name,last_name,email,car_make,car_model,car_year,car_price
1,Kennan,Gasquoine,kgasquoine0@instagram.com,Acura,RL,2004,"€3545,65"
2,Phillida,Swigg,pswigg1@addtoany.com,Honda,Prelude,1996,"€3149,66"
3,Carleen,Gowman,cgowman2@illinois.edu,Chevrolet,Express 2500,2005,"€2495,89"
4,Venus,Geraghty,vgeraghty3@economist.com,Mercury,Sable,2001,"€1542,86"
5,Coraline,Lauritsen,clauritsen4@si.edu,Hyundai,XG300,2001,"€1283,68"
6,Adeline,Dady,adady5@over-blog.com,Honda,Accord,1984,"€3059,87"
7,Janek,Naismith,jnaismith6@harvard.edu,Toyota,Matrix,2007,"€1774,10"
8,Silvester,Deveral,sdeveral7@wordpress.com,Chevrolet,Caprice,1991,"€2282,37"
9,Nisse,Riseley,nriseley8@surveymonkey.com,Mazda,B-Series Plus,2003,"€2962,69"
10,Delmar,Yakunikov,dyakunikov9@lycos.com,BMW,5 Series,2010,"€1554,25"
11,Reginald,McTerrelly,rmcterrellya@oakley.com,Honda,CR-V,2011,"€1541,58"
12,Iago,Biaggioni,ibiaggionib@sciencedaily.com,Chevrolet,G-Series 2500,1997,"€2433,05"
13,Olly,Tosspell,otosspellc@omniture.com,Mazda,CX-7,2007,"€2283,58"
14,Sean,Prise,sprised@ihg.com,Ford,Freestar,2006,"€506,79"
15,Lorie,Allright,lallrighte@ucoz.com,Kia,Sedona,2009,"€1514,31"
16,Rudolph,Bisgrove,rbisgrovef@surveymonkey.com,Subaru,Outback,2008,"€573,76"
17,Lorene,Cruces,lcrucesg@bbb.org,Mercedes-Benz,300SL,1992,"€555,32"
18,Hugo,Ellcock,hellcockh@surveymonkey.com,Oldsmobile,LSS,1998,"€562,01"
19,Shoshana,Whimper,swhimperi@utexas.edu,Ford,Bronco,1984,"€1513,29"
20,Berkley,Arens,barensj@fda.gov,Volkswagen,Golf III,1995,"€909,53"
21,Maxy,Everitt,meverittk@addthis.com,Chevrolet,Suburban 1500,2010,"€1597,95"
22,Merridie,Fardoe,mfardoel@toplist.cz,GMC,Yukon Denali,2006,"€1032,22"
23,Buck,Pien,bpienm@who.int,Ford,Edge,2009,"€3717,70"
24,Evvie,Judgkins,ejudgkinsn@engadget.com,Suzuki,Swift,1992,"€2383,40"
25,Becky,Gosker,bgoskero@soundcloud.com,Subaru,Loyale,1990,"€1643,49"
26,Murry,Aprahamian,maprahamianp@cmu.edu,Saab,9-5,2002,"€3755,69"
27,Delaney,Churchouse,dchurchouseq@goo.ne.jp,GMC,Envoy,2007,"€1035,32"
28,Nevin,Kilby,nkilbyr@weebly.com,Chevrolet,Express 3500,1996,"€778,44"
29,Desmund,Lofthouse,dlofthouses@dell.com,Ford,F-Series,1988,"€609,10"
30,Joane,Theaker,jtheakert@jugem.jp,GMC,Envoy,2005,"€1474,23"
31,Rodi,Falconer-Taylor,rfalconertayloru@edublogs.org,Renault,Alliance,1983,"€1730,52"
32,Jameson,MacArte,jmacartev@over-blog.com,Ford,Mustang,1966,"€2297,20"
33,Chad,Salatino,csalatinow@unesco.org,Acura,RDX,2012,"€1634,94"
34,Seth,Eglinton,seglintonx@mediafire.com,Volkswagen,Jetta,2012,"€962,15"
35,Ced,Galiford,cgalifordy@blogtalkradio.com,Honda,S2000,2001,"€565,97"
36,Torrey,Cuxon,tcuxonz@oaic.gov.au,Chevrolet,Lumina,1992,"€3214,00"
37,Shae,Ivison,sivison10@amazon.co.uk,Mercedes-Benz,E-Class,1984,"€3784,30"
38,Deanna,Lefever,dlefever11@jugem.jp,BMW,1 Series,2011,"€3623,44"
39,Berty,Algore,balgore12@ted.com,Chevrolet,Express 1500,2010,"€3287,29"
40,Cordell,Fatscher,cfatscher13@privacy.gov.au,Jeep,Cherokee,1998,"€1087,75"
41,Roosevelt,Arnaldo,rarnaldo14@photobucket.com,Ford,Freestar,2005,"€2243,45"
42,Carter,Cristofaro,ccristofaro15@tripadvisor.com,Toyota,Avalon,2005,"€3283,06"
43,Raynard,Thornewill,rthornewill16@cnn.com,GMC,1500,1997,"€1466,16"
44,Alis,McEnery,amcenery17@wsj.com,Jaguar,XJ Series,2004,"€3414,18"
45,Aurilia,Ervine,aervine18@microsoft.com,Subaru,XT,1988,"€1056,71"
46,Rahal,Dmitrovic,rdmitrovic19@bbc.co.uk,Toyota,T100 Xtra,1998,"€3584,36"
47,Bertrand,Jorden,bjorden1a@odnoklassniki.ru,Kia,Amanti,2006,"€3821,31"
48,Michel,Thormwell,mthormwell1b@dell.com,Volkswagen,riolet,1992,"€1659,37"
49,Obediah,Skilton,oskilton1c@java.com,Porsche,Carrera GT,2004,"€3207,76"
50,Arlana,Oldam,aoldam1d@ebay.co.uk,Infiniti,Q,1993,"€3993,54"
51,Fidelio,Gellibrand,fgellibrand1e@barnesandnoble.com,Chevrolet,Silverado 3500HD,2006,"€2569,69"
52,Eb,Buston,ebuston1f@studiopress.com,Mitsubishi,Endeavor,2009,"€517,65"
53,Ray,Thorburn,rthorburn1g@uiuc.edu,Kia,Sportage,2012,"€2764,95"
54,Ellie,Churchyard,echurchyard1h@bluehost.com,Nissan,240SX,1993,"€3301,90"
55,Mercy,Mardlin,mmardlin1i@sfgate.com,Mercedes-Benz,S-Class,2000,"€538,72"
56,Sherye,Hassin,shassin1j@zimbio.com,Jeep,Patriot,2012,"€3080,55"
57,Kory,Fearnsides,kfearnsides1k@cnet.com,Pontiac,Firebird,1987,"€2839,04"
58,Elora,Corwin,ecorwin1l@zdnet.com,Mercedes-Benz,SL-Class,1985,"€2269,53"
59,Henri,Royds,hroyds1m@4shared.com,Mercury,Mountaineer,2009,"€2211,35"
60,Aubrey,Burstow,aburstow1n@etsy.com,Isuzu,Trooper,1997,"€2782,70"
61,Georgiana,Payne,gpayne1o@skype.com,Lincoln,Continental,1994,"€2845,56"
62,Irvin,Brecher,ibrecher1p@twitter.com,Bentley,Continental Super,2011,"€1830,95"
63,Ade,Bewshea,abewshea1q@google.pl,Mercury,Capri,1984,"€1911,43"
64,Hamid,Goslin,hgoslin1r@eventbrite.com,Ford,Thunderbird,1984,"€1321,96"
65,Bronson,Berkely,bberkely1s@ted.com,Suzuki,X-90,1996,"€1964,19"
66,Freeman,Sirrell,fsirrell1t@posterous.com,Mazda,Millenia,1998,"€1053,53"
67,Jens,Lockart,jlockart1u@jalbum.net,Dodge,Grand Caravan,1992,"€1436,55"
68,Colet,Brecknall,cbrecknall1v@instagram.com,Ford,Laser,1989,"€3033,15"
69,Arabelle,Hakonsen,ahakonsen1w@wiley.com,Lotus,Esprit,1996,"€571,20"
70,Carmelle,Van der Beken,cvanderbeken1x@goo.ne.jp,Mazda,B-Series,2002,"€3075,97"
71,Donica,Pablo,dpablo1y@macromedia.com,Ford,Ranger,1991,"€1635,59"
72,Alleen,Brotherick,abrotherick1z@de.vu,Mercedes-Benz,W201,1984,"€2396,59"
73,Dael,Davis,ddavis20@alibaba.com,Suzuki,Sidekick,1990,"€2102,37"
74,Arvin,Cholwell,acholwell21@huffingtonpost.com,Subaru,Legacy,1998,"€2757,58"
75,Flori,Aistrop,faistrop22@tripadvisor.com,Volkswagen,Corrado,1994,"€1728,47"
76,Ernestine,Speare,espeare23@ovh.net,Hyundai,Sonata,1992,"€3401,30"
77,Jaquelin,Cammock,jcammock24@typepad.com,Pontiac,Grand Prix,1981,"€2455,98"
78,Lukas,Headech,lheadech25@g.co,Oldsmobile,Alero,2003,"€3235,95"
79,Salli,Gresser,sgresser26@trellian.com,Volkswagen,Jetta,1992,"€1283,23"
80,Flin,Casillis,fcasillis27@soup.io,Cadillac,Escalade ESV,2009,"€673,24"
81,Scotti,Chitty,schitty28@admin.ch,Mazda,Mazda5,2012,"€921,77"
82,Daphna,Predohl,dpredohl29@rambler.ru,Toyota,Corolla,1999,"€2572,97"
83,Conway,Wiburn,cwiburn2a@ustream.tv,Subaru,XT,1990,"€1395,06"
84,Noemi,Leads,nleads2b@earthlink.net,Pontiac,GTO,1971,"€3289,73"
85,Candide,Dorbon,cdorbon2c@whitehouse.gov,Plymouth,Grand Voyager,2000,"€3455,97"
86,Betsey,Gownge,bgownge2d@friendfeed.com,Volkswagen,Routan,2009,"€2688,77"
87,Alasdair,McSporrin,amcsporrin2e@eepurl.com,Cadillac,Eldorado,2000,"€1176,66"
88,Lethia,Ridings,lridings2f@google.ru,Mitsubishi,Precis,1994,"€2477,96"
89,Ignazio,Purkiss,ipurkiss2g@ftc.gov,Chevrolet,Silverado 2500,2012,"€1605,09"
90,Lark,Fillis,lfillis2h@senate.gov,Kia,Soul,2011,"€2176,73"
91,Jareb,Fley,jfley2i@wikipedia.org,Toyota,Land Cruiser,2001,"€528,26"
92,Ingunna,Berthouloume,iberthouloume2j@twitpic.com,Ford,Club Wagon,1995,"€2076,85"
93,Sonnnie,Etchell,setchell2k@ucoz.com,Saturn,Outlook,2010,"€3429,95"
94,Flory,Wapples,fwapples2l@cdc.gov,Nissan,Leaf,2011,"€3307,29"
95,Kinna,Gomersal,kgomersal2m@free.fr,Volkswagen,Passat,1997,"€1518,74"
96,Rowe,Duffie,rduffie2n@de.vu,Chevrolet,Monte Carlo,1973,"€1391,49"
97,Aubrey,Krink,akrink2o@paginegialle.it,Toyota,Camry Solara,2008,"€918,69"
98,Olenolin,Ruoff,oruoff2p@un.org,Nissan,370Z,2012,"€2522,91"
99,Danita,Lalor,dlalor2q@icq.com,Chevrolet,Suburban 2500,2011,"€2798,57"
100,Wanda,Kiffin,wkiffin2r@arizona.edu,Ram,1500,2011,"€3350,62"
101,Chicky,Slot,cslot2s@bloglines.com,Pontiac,LeMans,1989,"€1257,57"
102,Brigg,Blaby,bblaby2t@tumblr.com,Mercury,Cougar,2002,"€789,68"
103,Natividad,Folkard,nfolkard2u@google.com.hk,Oldsmobile,Regency,1997,"€2504,38"
104,Claire,Mansour,cmansour2v@ft.com,Chevrolet,Silverado,2003,"€3819,31"
105,Gardiner,Doxey,gdoxey2w@earthlink.net,BMW,3 Series,1996,"€2988,62"
106,Kattie,Elizabeth,kelizabeth2x@eepurl.com,Pontiac,Bonneville,2004,"€1724,99"
107,Dulciana,Miller,dmiller2y@netvibes.com,Mazda,Mazda3,2007,"€3524,15"
108,Ardeen,Mart,amart2z@vistaprint.com,Mercury,Topaz,1985,"€3336,78"
109,Tudor,Hardin,thardin30@xing.com,GMC,Envoy,2005,"€1653,39"
110,Simeon,Smallpiece,ssmallpiece31@hubpages.com,Dodge,Dakota Club,1998,"€3068,63"
111,Con,California,ccalifornia32@google.com,Honda,Accord,1997,"€1755,94"
112,Martynne,Satterley,msatterley33@answers.com,Jaguar,S-Type,2001,"€1926,24"
113,Veronike,Boyd,vboyd34@geocities.com,Lincoln,MKS,2012,"€1410,27"
114,Maryrose,MacGuigan,mmacguigan35@youtube.com,Honda,Fit,2007,"€3443,64"
115,May,Tofanelli,mtofanelli36@mapy.cz,Saab,9000,1990,"€874,09"
116,Hirsch,Tedridge,htedridge37@sbwire.com,Mercedes-Benz,SLR McLaren,2009,"€3613,16"
117,Julina,Corzon,jcorzon38@mashable.com,Lincoln,Navigator L,2009,"€3053,52"
118,Claude,Lyptrit,clyptrit39@networkadvertising.org,Hyundai,Elantra,1995,"€1825,79"
119,Lacey,Mattaser,lmattaser3a@cafepress.com,Mitsubishi,Galant,1993,"€800,71"
120,Allan,Olyonov,aolyonov3b@ebay.com,Oldsmobile,Cutlass Cruiser,1994,"€1216,83"
121,Tessy,Elman,telman3c@nbcnews.com,Chevrolet,Corsica,1993,"€2722,97"
122,Welsh,Cabbell,wcabbell3d@miitbeian.gov.cn,Nissan,Quest,1995,"€2662,11"
123,Billy,Hollyer,bhollyer3e@census.gov,Pontiac,6000,1989,"€2358,05"
124,Hettie,Clarkin,hclarkin3f@ucsd.edu,BMW,1 Series,2012,"€3455,73"
125,Binni,Jorissen,bjorissen3g@alexa.com,Buick,Regal,1986,"€1086,79"
126,Reggi,Jones,rjones3h@zimbio.com,Daewoo,Leganza,2002,"€2982,65"
127,Aeriell,Bulfield,abulfield3i@wsj.com,Hyundai,Tucson,2007,"€2661,15"
128,Siouxie,Ahrendsen,sahrendsen3j@wix.com,Chevrolet,Metro,1999,"€2130,30"
129,Ashien,Dickens,adickens3k@nih.gov,Volkswagen,Golf,2003,"€2698,40"
130,Ty,Hawick,thawick3l@japanpost.jp,Suzuki,Equator,2012,"€2254,45"
131,Steffie,Carpenter,scarpenter3m@slashdot.org,Pontiac,Sunfire,2004,"€3956,28"
132,Shawn,Blodg,sblodg3n@spiegel.de,Saab,9-5,2006,"€1968,92"
133,Cory,Gerding,cgerding3o@naver.com,Chevrolet,Cavalier,1996,"€1312,57"
134,Babbette,Spilsburie,bspilsburie3p@bloglines.com,Volvo,960,1993,"€3415,27"
135,Callie,Breyt,cbreyt3q@macromedia.com,Acura,TL,1995,"€2297,05"
136,Dwayne,Kernell,dkernell3r@pen.io,Land Rover,Freelander,2003,"€2855,44"
137,Kendal,Lehrahan,klehrahan3s@google.com.au,Ford,F150,1999,"€3118,90"
138,Juline,Sille,jsille3t@comsenz.com,Scion,xA,2005,"€2716,92"
139,Marcelle,Sweet,msweet3u@mozilla.org,Volkswagen,Fox,1987,"€3531,00"
140,Jacki,Steenson,jsteenson3v@amazon.de,Lotus,Esprit,1987,"€1051,23"
141,Kenna,Aldus,kaldus3w@jigsy.com,Ford,Bronco,1984,"€3405,10"
142,Vinnie,Northedge,vnorthedge3x@unesco.org,Toyota,Sienna,2000,"€990,26"
143,Mattheus,Mingaud,mmingaud3y@unesco.org,Maserati,Quattroporte,1984,"€3106,13"
144,Linn,Habershaw,lhabershaw3z@miibeian.gov.cn,BMW,X3,2011,"€1473,93"
145,Maybelle,Strode,mstrode40@google.com,Audi,A5,2009,"€1125,40"
146,Nerta,Habishaw,nhabishaw41@netvibes.com,Pontiac,Firebird,1967,"€3603,14"
147,Zollie,Finlow,zfinlow42@hibu.com,Ford,Focus,2013,"€1535,55"
148,Nicky,Swindle,nswindle43@topsy.com,GMC,Safari,1998,"€1103,38"
149,Launce,Midner,lmidner44@imgur.com,Hyundai,XG350,2003,"€1032,07"
150,Nona,St. Hill,nsthill45@yandex.ru,Ford,Focus,2007,"€2814,54"
151,Farlay,Worters,fworters46@examiner.com,Infiniti,G37,2010,"€1678,72"
152,Georgy,Vasilik,gvasilik47@acquirethisname.com,Cadillac,Escalade ESV,2010,"€2570,87"
153,Giorgio,Tenby,gtenby48@gov.uk,Lamborghini,Gallardo,2012,"€851,34"
154,Ailsun,Yeardsley,ayeardsley49@furl.net,Chevrolet,Beretta,1996,"€1964,10"
155,Tobin,Tomasik,ttomasik4a@irs.gov,Ford,Escape,2004,"€3864,21"
156,Chaunce,Bandt,cbandt4b@phoca.cz,Ford,Escort,1993,"€1806,50"
157,Hilarius,Hindhaugh,hhindhaugh4c@ihg.com,Volkswagen,New Beetle,2002,"€3568,18"
158,Sollie,Howieson,showieson4d@t-online.de,Dodge,D150 Club,1992,"€2038,13"
159,Noella,Burniston,nburniston4e@nationalgeographic.com,Suzuki,SX4,2008,"€1310,07"
160,Parker,Tyreman,ptyreman4f@ft.com,Mercury,Grand Marquis,2010,"€1116,33"
161,Darrick,Bortolutti,dbortolutti4g@ustream.tv,GMC,1500,1993,"€3156,98"
162,Tamra,Edwins,tedwins4h@cpanel.net,Chevrolet,Malibu,2005,"€666,33"
163,Brittni,Gazey,bgazey4i@etsy.com,Ford,Fusion,2011,"€2165,35"
164,Ricky,Searby,rsearby4j@nymag.com,Audi,5000S,1986,"€1356,08"
165,Lodovico,Edlington,ledlington4k@sakura.ne.jp,Saab,9-7X,2009,"€1074,37"
166,Ryann,Parlott,rparlott4l@berkeley.edu,Jeep,Compass,2009,"€2475,45"
167,Ora,Deniso,odeniso4m@free.fr,Jaguar,XJ,2011,"€790,58"
168,Suzie,Jones,sjones4n@lycos.com,Ford,F-Series,2007,"€1686,38"
169,Zahara,Collinette,zcollinette4o@vkontakte.ru,GMC,Envoy XUV,2005,"€2925,70"
170,Candice,Walkingshaw,cwalkingshaw4p@ibm.com,Mercury,Mountaineer,1997,"€1475,30"
171,Othelia,Bahlmann,obahlmann4q@google.ru,Suzuki,XL-7,2006,"€2550,19"
172,Donni,Cranfield,dcranfield4r@un.org,Honda,Pilot,2009,"€2303,09"
173,Alicea,Corbridge,acorbridge4s@oracle.com,Audi,R8,2009,"€1492,64"
174,Harwilll,Prester,hprester4t@army.mil,Suzuki,Swift,2005,"€1023,49"
175,Adelle,Dust,adust4u@clickbank.net,Hyundai,Tiburon,1998,"€1192,53"
176,Leesa,Fosberry,lfosberry4v@npr.org,Jeep,Grand Cherokee,1994,"€1860,04"
177,Derk,Posthill,dposthill4w@bizjournals.com,Mitsubishi,Montero,1995,"€1303,38"
178,Allan,Caulton,acaulton4x@meetup.com,Pontiac,GTO,2004,"€3270,04"
179,Jessy,Arghent,jarghent4y@wikia.com,Lincoln,LS,2000,"€1098,70"
180,Abraham,Wethered,awethered4z@salon.com,Pontiac,6000,1990,"€3272,00"
181,Berthe,Vaughton,bvaughton50@a8.net,Lexus,IS,2006,"€591,83"
182,Guenevere,Levins,glevins51@cocolog-nifty.com,BMW,5 Series,2012,"€1686,09"
183,Chrisy,Bircher,cbircher52@cbc.ca,Ford,F-Series Super Duty,2010,"€3611,16"
184,Harriot,Alloisi,halloisi53@squarespace.com,Mercedes-Benz,S-Class,2006,"€3072,15"
185,Brynn,Yoselevitch,byoselevitch54@paypal.com,Subaru,Legacy,1995,"€2554,67"
186,Conant,Richmont,crichmont55@ca.gov,Volkswagen,Cabriolet,1991,"€3862,14"
187,Jasun,Halshaw,jhalshaw56@usnews.com,Chevrolet,Malibu,2003,"€1701,60"
188,Bartholomeus,Dubois,bdubois57@vistaprint.com,Audi,Allroad,2003,"€2087,86"
189,Katerine,Quin,kquin58@deliciousdays.com,Acura,MDX,2012,"€2380,18"
190,Muriel,Cullivan,mcullivan59@google.fr,Honda,Civic,1985,"€1754,76"
191,Verena,Kohn,vkohn5a@cloudflare.com,Chevrolet,Cobalt,2009,"€1537,68"
192,Giulia,Boyer,gboyer5b@themeforest.net,Plymouth,Breeze,1998,"€1990,95"
193,Dixie,Leyban,dleyban5c@diigo.com,Pontiac,Sunfire,1999,"€1840,07"
194,Parrnell,Biasotti,pbiasotti5d@studiopress.com,Volvo,940,1992,"€898,12"
195,Leta,Shord,lshord5e@friendfeed.com,Volkswagen,Scirocco,1985,"€675,94"
196,Anatol,Raden,araden5f@aol.com,Volkswagen,Jetta,1996,"€2609,63"
197,Brandie,Caulket,bcaulket5g@wired.com,Land Rover,Discovery,2012,"€1729,97"
198,Ilyssa,Nurcombe,inurcombe5h@cloudflare.com,Aston Martin,Vantage,2010,"€2325,96"
199,Carmelita,Hambrook,chambrook5i@home.pl,Infiniti,G,2010,"€2633,54"
200,Oralle,Pentycross,opentycross5j@edublogs.org,Suzuki,Swift,2005,"€3898,09"
201,Cordi,Chapple,cchapple5k@goo.ne.jp,BMW,M3,1998,"€3257,58"
202,Dorena,Sutcliffe,dsutcliffe5l@ameblo.jp,Mercury,Cougar,1970,"€2225,46"
203,Billi,Davitti,bdavitti5m@lulu.com,Toyota,Sequoia,2007,"€2938,72"
204,Phylis,Grishakov,pgrishakov5n@google.de,Porsche,Boxster,2007,"€3492,29"
205,Conrade,Joberne,cjoberne5o@barnesandnoble.com,Acura,Integra,1995,"€3393,83"
206,Kori,MacRitchie,kmacritchie5p@free.fr,Toyota,Yaris,2006,"€1529,50"
207,Marney,Pavlasek,mpavlasek5q@goo.gl,Infiniti,QX,2000,"€2486,00"
208,Felita,Canby,fcanby5r@craigslist.org,Cadillac,STS,2009,"€788,49"
209,Aleta,Karus,akarus5s@biblegateway.com,Hyundai,Sonata,2011,"€1582,70"
210,Blancha,Gillanders,bgillanders5t@utexas.edu,Chrysler,300M,2003,"€2323,28"
211,Annalee,Ainsley,aainsley5u@desdev.cn,Hyundai,Sonata,2006,"€3518,90"
212,Erik,Goodhall,egoodhall5v@sohu.com,Honda,Pilot,2004,"€2092,23"
213,Dukey,Gaywood,dgaywood5w@ehow.com,Volkswagen,Jetta,1991,"€1589,32"
214,Jerrome,Bigg,jbigg5x@spiegel.de,Mitsubishi,3000GT,1997,"€1015,66"
215,Lanae,Hunstone,lhunstone5y@themeforest.net,BMW,M3,2010,"€3751,07"
216,Bernelle,Tolland,btolland5z@biglobe.ne.jp,Dodge,Ram 2500,2004,"€1460,52"
217,Judie,Brayford,jbrayford60@imgur.com,Oldsmobile,Bravada,1999,"€2813,88"
218,Kienan,Donnersberg,kdonnersberg61@telegraph.co.uk,Infiniti,M,2009,"€1210,19"
219,Isabelita,Coppledike,icoppledike62@photobucket.com,Hyundai,Accent,1997,"€3393,65"
220,Audra,Bussey,abussey63@answers.com,Mazda,MX-5,2010,"€630,42"
221,Shirlene,Clarkin,sclarkin64@slashdot.org,Jeep,Wrangler,1995,"€783,67"
222,Roxie,Mishaw,rmishaw65@scientificamerican.com,GMC,Savana 3500,2012,"€2058,34"
223,Darbie,Caccavale,dcaccavale66@deviantart.com,Mazda,626,1985,"€2620,69"
224,Zaria,Kingswood,zkingswood67@dailymotion.com,Subaru,Justy,1993,"€2237,54"
225,Glory,Stormont,gstormont68@bloglines.com,Dodge,Caravan,2011,"€1103,50"
226,Camella,Matuska,cmatuska69@icq.com,Ferrari,599 GTB Fiorano,2010,"€3347,58"
227,Neal,Sheers,nsheers6a@redcross.org,Hummer,H1,2001,"€2994,43"
228,Collie,Guiraud,cguiraud6b@mtv.com,Honda,S2000,2001,"€992,02"
229,Alleen,Cholerton,acholerton6c@mapy.cz,Jeep,Grand Cherokee,1997,"€2568,19"
230,Hubie,Canceller,hcanceller6d@sbwire.com,Mercedes-Benz,E-Class,2001,"€782,26"
231,Payton,O'Hannigan,pohannigan6e@artisteer.com,Dodge,Viper,2008,"€2507,63"
232,Cassaundra,Owthwaite,cowthwaite6f@free.fr,Dodge,Grand Caravan,1992,"€1335,48"
233,Wendeline,De la Yglesia,wdelayglesia6g@addthis.com,Mazda,MX-6,1997,"€1058,97"
234,Karry,Edser,kedser6h@dot.gov,Toyota,Avalon,2011,"€3310,46"
235,Bartlett,McClaren,bmcclaren6i@weather.com,Cadillac,SRX,2008,"€3905,44"
236,Caryl,Barratt,cbarratt6j@hatena.ne.jp,GMC,Sierra 3500,2012,"€1651,72"
237,Arnuad,Thickens,athickens6k@deviantart.com,BMW,7 Series,1994,"€1883,31"
238,Ancell,Edgeon,aedgeon6l@google.es,Toyota,Tercel,1993,"€3403,01"
239,Jabez,Dow,jdow6m@lycos.com,Hyundai,Entourage,2008,"€1529,22"
240,Miles,Brager,mbrager6n@devhub.com,Pontiac,6000,1985,"€2700,21"
241,Dorise,Bastistini,dbastistini6o@usatoday.com,Nissan,300ZX,1995,"€2694,60"
242,Minni,Gilleon,mgilleon6p@cafepress.com,Pontiac,Trans Sport,1997,"€2607,92"
243,Charlotta,Bowker,cbowker6q@ucoz.com,Nissan,Stanza,1992,"€2033,99"
244,Jordon,Condon,jcondon6r@imgur.com,Volvo,960,1997,"€1161,31"
245,Whitaker,Riches,wriches6s@discuz.net,Mitsubishi,Precis,1990,"€1351,87"
246,Brit,Lemarie,blemarie6t@google.de,Mitsubishi,Raider,2009,"€689,52"
247,Rabbi,Bonallack,rbonallack6u@go.com,BMW,X6,2013,"€1136,66"
248,Grissel,Van Saltsberg,gvansaltsberg6v@time.com,Mitsubishi,Mighty Max Macro,1992,"€1186,43"
249,Estel,Collishaw,ecollishaw6w@constantcontact.com,Audi,A4,1996,"€3595,89"
250,Veriee,Michele,vmichele6x@opensource.org,Ford,F-Series Super Duty,2007,"€3810,44"
251,Julius,Burchell,jburchell6y@bigcartel.com,Volkswagen,Golf,2001,"€618,40"
252,Padraic,Spurrior,pspurrior6z@springer.com,Chevrolet,Silverado,2003,"€690,48"
253,Courtenay,Ronaldson,cronaldson70@wikipedia.org,Ford,E150,2011,"€3493,02"
254,Jervis,Branney,jbranney71@wordpress.org,Volvo,V50,2009,"€3533,80"
255,Birgit,Jindracek,bjindracek72@ca.gov,Nissan,Cube,2010,"€2230,78"
256,Kerianne,Soots,ksoots73@yellowpages.com,Porsche,911,2002,"€2843,45"
257,Katleen,Waskett,kwaskett74@noaa.gov,Chrysler,PT Cruiser,2004,"€3753,73"
258,Garald,Paoli,gpaoli75@wikia.com,Subaru,Justy,1994,"€3941,03"
259,Krystalle,Boyer,kboyer76@ca.gov,GMC,Rally Wagon 3500,1992,"€2879,88"
260,Thor,Morena,tmorena77@bbb.org,Dodge,Spirit,1994,"€3477,03"
261,Troy,Wiersma,twiersma78@infoseek.co.jp,Chrysler,Imperial,1993,"€627,56"
262,Kort,Bullimore,kbullimore79@cargocollective.com,Dodge,Ram 1500 Club,1998,"€3215,34"
263,Godfrey,Burdis,gburdis7a@stanford.edu,Land Rover,Range Rover,2002,"€705,97"
264,Tito,Stot,tstot7b@indiegogo.com,Volkswagen,Golf,1992,"€3230,84"
265,Tatiana,Burnet,tburnet7c@disqus.com,Dodge,Ram 1500 Club,1999,"€1226,53"
266,Janith,Angrave,jangrave7d@yahoo.com,Jaguar,XK Series,1998,"€2336,79"
267,Monte,Lorence,mlorence7e@house.gov,Mercedes-Benz,SL-Class,1984,"€855,60"
268,Margaux,Laurent,mlaurent7f@va.gov,Toyota,Tundra,2009,"€3421,33"
269,Barry,Shirtliff,bshirtliff7g@biglobe.ne.jp,Lincoln,Continental,1994,"€1203,17"
270,Orelle,Croydon,ocroydon7h@engadget.com,Mercury,Sable,1992,"€813,78"
271,Melva,Snowball,msnowball7i@1und1.de,Jaguar,X-Type,2008,"€2560,93"
272,Ellswerth,Whiffin,ewhiffin7j@pinterest.com,Buick,Enclave,2009,"€3927,08"
273,Orren,Lowthorpe,olowthorpe7k@weibo.com,Ford,Ranger,2000,"€3849,63"
274,Cloe,MacKain,cmackain7l@telegraph.co.uk,Toyota,Camry Solara,2008,"€2580,71"
275,Gram,Klaff,gklaff7m@imageshack.us,Buick,Reatta,1989,"€1922,40"
276,Bordie,Ryhorovich,bryhorovich7n@imgur.com,Subaru,Justy,1988,"€1293,78"
277,Jessie,Detheridge,jdetheridge7o@google.it,Kia,Optima,2007,"€2193,30"
278,Dorothy,Reames,dreames7p@sakura.ne.jp,Dodge,Sprinter,2006,"€3246,89"
279,Atalanta,Sliney,asliney7q@privacy.gov.au,Chevrolet,Metro,2000,"€2428,01"
280,Maxi,Gillyett,mgillyett7r@webs.com,Lotus,Elise,2009,"€3756,99"
281,Griffin,Dougal,gdougal7s@mapy.cz,Buick,Century,1994,"€3104,61"
282,Salim,MacCostye,smaccostye7t@google.nl,BMW,5 Series,1998,"€3723,09"
283,Randy,Eckels,reckels7u@icq.com,Pontiac,GTO,2004,"€1885,92"
284,Tynan,Hucks,thucks7v@comcast.net,Dodge,Grand Caravan,2010,"€1562,31"
285,Brenda,Liddyard,bliddyard7w@w3.org,Chevrolet,Tahoe,1995,"€1467,36"
286,Shanna,Gye,sgye7x@desdev.cn,Mercury,Sable,1991,"€3994,16"
287,Bree,Bellin,bbellin7y@surveymonkey.com,Ford,Explorer Sport Trac,2006,"€2167,06"
288,Karry,Margerison,kmargerison7z@weibo.com,Dodge,Ram Van 3500,1995,"€634,46"
289,Tymothy,Petch,tpetch80@nih.gov,Chevrolet,Colorado,2005,"€3070,32"
290,Ronnica,Yanshinov,ryanshinov81@spiegel.de,Volvo,C70,2004,"€1514,17"
291,Layton,Kefford,lkefford82@goodreads.com,Suzuki,Swift,1987,"€3157,79"
292,Nicolina,Willshire,nwillshire83@imgur.com,Ford,Mustang,1973,"€2086,10"
293,Kiel,Lemanu,klemanu84@g.co,Volkswagen,Passat,1994,"€3460,97"
294,Andromache,Kitchingman,akitchingman85@google.es,Pontiac,G3,2010,"€1613,29"
295,Normy,Stranio,nstranio86@t-online.de,Ford,Escape,2011,"€1293,44"
296,Marcia,Willarton,mwillarton87@oakley.com,Plymouth,Colt,1992,"€1934,60"
297,Pepillo,Stringman,pstringman88@deviantart.com,Chevrolet,Blazer,1992,"€543,21"
298,Madeline,Swinfon,mswinfon89@shareasale.com,Volkswagen,Golf,1998,"€1632,92"
299,Matilde,Alcott,malcott8a@lycos.com,Chevrolet,Blazer,2005,"€1199,66"
300,Susette,Littlechild,slittlechild8b@yahoo.com,Nissan,350Z,2008,"€3690,33"
301,Aeriell,Moberley,amoberley8c@sogou.com,Hyundai,Santa Fe,2010,"€1874,82"
302,Wynne,Snowman,wsnowman8d@columbia.edu,Cadillac,SRX,2011,"€1424,29"
303,Bev,Rowes,browes8e@google.ru,Ford,Escort,1991,"€1507,84"
304,Jocelyn,Wolland,jwolland8f@google.pl,Fiat,Nuova 500,2012,"€2014,77"
305,Shari,Francescotti,sfrancescotti8g@feedburner.com,Ford,Explorer,1995,"€2207,93"
306,Rosabel,Tysack,rtysack8h@nymag.com,Nissan,Pathfinder,2012,"€3397,30"
307,Rivy,Flintuff,rflintuff8i@yellowpages.com,Volkswagen,Jetta,1986,"€2112,58"
308,Tye,Showen,tshowen8j@clickbank.net,Chrysler,LeBaron,1992,"€3984,41"
309,Normy,Fillis,nfillis8k@rediff.com,Scion,xD,2010,"€2725,87"
310,Shurwood,Treagus,streagus8l@wordpress.com,Buick,Century,1999,"€1930,10"
311,Viv,Rhodus,vrhodus8m@github.io,Nissan,Pathfinder,1994,"€1251,40"
312,Cristin,Lytton,clytton8n@virginia.edu,Mitsubishi,Tredia,1984,"€1231,01"
313,Seth,Medland,smedland8o@techcrunch.com,Buick,Riviera,1987,"€2184,92"
314,Zara,Jullian,zjullian8p@army.mil,GMC,Envoy XL,2003,"€822,16"
315,Gayle,McAneny,gmcaneny8q@4shared.com,Lexus,LS,1997,"€2536,74"
316,Moise,Snelle,msnelle8r@live.com,Chevrolet,Silverado 3500,2008,"€2771,71"
317,Carissa,Nodin,cnodin8s@mlb.com,Buick,Park Avenue,2002,"€1297,21"
318,Sile,Bastock,sbastock8t@networkadvertising.org,Lincoln,MKS,2011,"€2553,92"
319,Daffie,Lauder,dlauder8u@tuttocitta.it,BMW,M3,1997,"€1696,16"
320,Karina,Custard,kcustard8v@ifeng.com,Ford,Galaxie,1966,"€3222,73"
321,Henrietta,O'Dulchonta,hodulchonta8w@cafepress.com,Pontiac,Firebird Formula,1992,"€795,15"
322,Judon,Champness,jchampness8x@macromedia.com,Lincoln,Navigator L,2011,"€3446,47"
323,Teddie,Barnsdale,tbarnsdale8y@indiatimes.com,Volkswagen,Cabriolet,1990,"€3055,24"
324,Laurie,Fortesquieu,lfortesquieu8z@list-manage.com,Mazda,MX-5,2001,"€2657,34"
325,Lutero,Renyard,lrenyard90@posterous.com,Lexus,LS Hybrid,2012,"€905,83"
326,Weber,Bastick,wbastick91@tmall.com,Jaguar,XK,2007,"€2638,55"
327,Tripp,Sowerbutts,tsowerbutts92@techcrunch.com,Porsche,944,1983,"€2094,05"
328,Nikki,Britland,nbritland93@sina.com.cn,Mercury,Cougar,2001,"€622,36"
329,Elfie,Fouracres,efouracres94@globo.com,Suzuki,Swift,1999,"€1725,06"
330,Jordan,Rohlfs,jrohlfs95@time.com,Buick,Coachbuilder,1994,"€3539,58"
331,Reese,Pryor,rpryor96@blogger.com,Ford,Windstar,2003,"€2933,40"
332,Kizzie,Lief,klief97@diigo.com,Plymouth,Voyager,1998,"€3511,15"
333,Leena,Davydkov,ldavydkov98@about.me,Ford,Ranger,1986,"€1942,03"
334,Meg,Eagland,meagland99@fema.gov,Ford,Ranger,1987,"€2071,11"
335,Sylas,Darlow,sdarlow9a@mozilla.com,Mercury,Mystique,1996,"€816,95"
336,Stephi,Swatten,sswatten9b@fda.gov,Mercury,Marquis,1986,"€1824,68"
337,Husein,De Rechter,hderechter9c@mail.ru,Ford,Thunderbird,1985,"€3688,31"
338,Munroe,Hainey,mhainey9d@blogs.com,Chevrolet,Suburban,2011,"€2103,45"
339,Windham,Treamayne,wtreamayne9e@abc.net.au,Hyundai,Tiburon,2001,"€3278,58"
340,Dennie,Spellar,dspellar9f@dion.ne.jp,BMW,M3,2010,"€2327,80"
341,Zitella,Divall,zdivall9g@google.pl,Subaru,Leone,1988,"€1249,04"
342,Chelsey,Kiehl,ckiehl9h@vimeo.com,Lexus,GS,1996,"€2842,95"
343,Drusy,Birtonshaw,dbirtonshaw9i@cdbaby.com,Nissan,Altima,2009,"€3662,99"
344,Burnard,Margeram,bmargeram9j@psu.edu,Dodge,Neon,1999,"€698,35"
345,Petey,Leathard,pleathard9k@hexun.com,Bentley,Continental GT,2008,"€556,06"
346,Nedi,Halesworth,nhalesworth9l@ucoz.ru,Nissan,Maxima,2008,"€1516,41"
347,Wood,Kantor,wkantor9m@wordpress.org,Bugatti,Veyron,2009,"€3757,30"
348,Lorens,Teasdale-Markie,lteasdalemarkie9n@facebook.com,Acura,Integra,1997,"€2193,46"
349,Clotilda,Kestell,ckestell9o@youku.com,Volvo,S60,2012,"€3116,57"
350,Leah,Meyer,lmeyer9p@cyberchimps.com,Chrysler,LeBaron,1994,"€3746,18"
351,Constantine,Roome,croome9q@ning.com,Pontiac,Vibe,2010,"€1367,15"
352,Coralie,Seares,cseares9r@washington.edu,Volkswagen,Jetta,2009,"€3393,15"
353,Rosa,Allchin,rallchin9s@wikia.com,Land Rover,LR3,2009,"€2300,23"
354,Star,Hexham,shexham9t@fastcompany.com,Dodge,Caravan,2002,"€2913,59"
355,Bennie,Emett,bemett9u@csmonitor.com,Mitsubishi,Chariot,1994,"€1208,98"
356,Ailene,Chesterman,achesterman9v@hhs.gov,Buick,Electra,1984,"€2343,42"
357,Luisa,Keuntje,lkeuntje9w@macromedia.com,Chevrolet,Malibu,2007,"€3910,92"
358,Morton,Hebbard,mhebbard9x@amazon.com,Ford,LTD Crown Victoria,1988,"€1646,21"
359,Francklyn,O'Heneghan,foheneghan9y@economist.com,Mitsubishi,Pajero,1998,"€2152,12"
360,Pauly,Klimochkin,pklimochkin9z@blogger.com,Isuzu,Trooper,1997,"€1716,68"
361,Alexandro,Asaaf,aasaafa0@google.com.au,Lexus,LX,2008,"€2464,92"
362,Dorise,Gauchier,dgauchiera1@vistaprint.com,Buick,Rendezvous,2006,"€2078,72"
363,Xylia,Mangeon,xmangeona2@oaic.gov.au,Infiniti,Q,2003,"€1810,18"
364,Leda,Raxworthy,lraxworthya3@aboutads.info,Honda,Prelude,1999,"€3523,31"
365,Erich,Sasser,esassera4@paypal.com,Chrysler,PT Cruiser,2003,"€2173,74"
366,Bram,Samples,bsamplesa5@timesonline.co.uk,Rolls-Royce,Ghost,2010,"€3575,89"
367,Sidnee,Waterfall,swaterfalla6@hugedomains.com,Jaguar,S-Type,2002,"€1953,56"
368,Emanuel,Northall,enorthalla7@army.mil,Volvo,V40,2002,"€1945,57"
369,Normand,Bagger,nbaggera8@shareasale.com,Mitsubishi,Montero Sport,2000,"€3318,01"
370,Gnni,Peckett,gpecketta9@skyrock.com,Nissan,350Z,2008,"€2450,79"
371,Roxi,Statham,rstathamaa@ftc.gov,Dodge,Dakota,2006,"€1932,95"
372,Greta,Dobbyn,gdobbynab@thetimes.co.uk,BMW,525,2005,"€3414,32"
373,Val,Hallas,vhallasac@xing.com,Pontiac,Torrent,2006,"€3279,01"
374,Afton,Muckle,amucklead@usatoday.com,GMC,Vandura G3500,1996,"€1869,43"
375,Nikoletta,Coopman,ncoopmanae@msu.edu,Dodge,Charger,2011,"€3521,90"
376,Sinclare,Bartocci,sbartocciaf@sina.com.cn,Volvo,S80,2007,"€2943,14"
377,Olive,Dearth,odearthag@mysql.com,Honda,Element,2009,"€2867,56"
378,Forster,Moatt,fmoattah@privacy.gov.au,Dodge,Ram 2500,2008,"€1226,16"
379,Maggi,Rabbe,mrabbeai@mapy.cz,Mercury,Cougar,2000,"€3260,86"
380,Bryn,Phizackarley,bphizackarleyaj@etsy.com,Ford,Tempo,1991,"€3298,49"
381,Rahal,Tregunnah,rtregunnahak@rediff.com,Chevrolet,1500,1998,"€2453,96"
382,Dory,Hammerton,dhammertonal@hugedomains.com,Cadillac,XLR-V,2007,"€1732,86"
383,Tye,Gillott,tgillottam@state.gov,Kia,Carens,2009,"€1807,41"
384,Cass,Fentem,cfenteman@odnoklassniki.ru,Chevrolet,Monte Carlo,2007,"€3545,66"
385,Legra,Terzza,lterzzaao@jalbum.net,Audi,5000CS,1987,"€1277,17"
386,Dill,McCauley,dmccauleyap@163.com,Mercedes-Benz,C-Class,2009,"€2094,51"
387,Brunhilda,Staner,bstaneraq@disqus.com,Audi,TT,2009,"€579,14"
388,Norbert,Trymme,ntrymmear@liveinternet.ru,Jaguar,XK Series,2002,"€2476,31"
389,Des,Sandeford,dsandefordas@posterous.com,Nissan,Murano,2003,"€3334,20"
390,Hansiain,Kollatsch,hkollatschat@i2i.jp,Volkswagen,Golf,1990,"€1546,57"
391,Cecilia,Reedyhough,creedyhoughau@goodreads.com,Chevrolet,Express 1500,1999,"€1664,64"
392,Merell,Dayment,mdaymentav@bizjournals.com,Chevrolet,Impala SS,1994,"€3986,62"
393,Jeremias,Eakin,jeakinaw@163.com,Mercury,Capri,1991,"€958,60"
394,Kathy,Ellsom,kellsomax@java.com,Ford,Mustang,1983,"€2795,19"
395,Jesse,Shirtcliffe,jshirtcliffeay@blogspot.com,Chrysler,300,2010,"€1799,87"
396,Zeke,Sheryn,zsherynaz@scientificamerican.com,Morgan,Aero 8,2008,"€1229,52"
397,Neel,Rudsdale,nrudsdaleb0@samsung.com,Oldsmobile,Silhouette,1993,"€844,03"
398,Floria,Gallego,fgallegob1@gov.uk,Subaru,Legacy,2004,"€2122,22"
399,Midge,Hooks,mhooksb2@xinhuanet.com,Porsche,911,2004,"€2118,17"
400,Haslett,Hanssmann,hhanssmannb3@si.edu,Kia,Sedona,2003,"€1482,67"
401,Correy,Penman,cpenmanb4@pbs.org,Mitsubishi,Galant,2001,"€1000,09"
402,Chris,Hassur,chassurb5@buzzfeed.com,Toyota,MR2,2000,"€1509,05"
403,Iver,Martinec,imartinecb6@wsj.com,Subaru,Forester,2007,"€1620,04"
404,Rupert,Vasishchev,rvasishchevb7@ebay.co.uk,Dodge,Ram,2008,"€1670,53"
405,Charlton,Sumers,csumersb8@businesswire.com,Chevrolet,Corvette,2006,"€2205,46"
406,Wendall,Ciciari,wciciarib9@dropbox.com,Panoz,Esperante,2005,"€2381,37"
407,Isaak,Cant,icantba@booking.com,Ford,F250,2007,"€3778,07"
408,Andie,Drakard,adrakardbb@jigsy.com,Subaru,SVX,1992,"€2017,33"
409,Wendel,Hug,whugbc@scientificamerican.com,GMC,Yukon XL 1500,2012,"€3018,13"
410,Dalston,Hargreves,dhargrevesbd@infoseek.co.jp,Cadillac,DTS,2007,"€1630,62"
411,Ammamaria,Hulls,ahullsbe@wunderground.com,GMC,Savana 2500,2004,"€2483,99"
412,Fredric,Robers,frobersbf@storify.com,BMW,M5,2008,"€3562,27"
413,Ricoriki,Comar,rcomarbg@dedecms.com,Hyundai,Accent,2003,"€1581,06"
414,Nicolas,Huerta,nhuertabh@lycos.com,Volvo,XC90,2004,"€2915,70"
415,Trish,Hanks,thanksbi@mysql.com,Acura,NSX,1998,"€3096,35"
416,Lara,Clarey,lclareybj@columbia.edu,Mercury,Grand Marquis,1997,"€1110,13"
417,Xena,Ife,xifebk@theguardian.com,Subaru,Brat,1984,"€1622,35"
418,Mareah,Poag,mpoagbl@usnews.com,GMC,Yukon XL 2500,2000,"€3502,87"
419,Mallory,Foster,mfosterbm@businessinsider.com,GMC,Suburban 2500,1992,"€3687,04"
420,Milton,Greenhill,mgreenhillbn@whitehouse.gov,Ford,Explorer Sport Trac,2002,"€2211,09"
421,Ellen,Houlworth,ehoulworthbo@apache.org,Ford,EXP,1984,"€1205,24"
422,Suzanna,Martusov,smartusovbp@hugedomains.com,GMC,Jimmy,1998,"€2603,98"
423,Aguste,Shrieve,ashrievebq@unicef.org,Mitsubishi,Galant,1993,"€1703,49"
424,Amity,Newham,anewhambr@columbia.edu,Lexus,SC,1993,"€3509,83"
425,Daphne,Le - Count,dlecountbs@marketwatch.com,Ford,Club Wagon,1994,"€3613,86"
426,Mikael,Rabidge,mrabidgebt@ebay.co.uk,Chevrolet,Silverado 3500,2004,"€2139,72"
427,Cross,Treadger,ctreadgerbu@businesswire.com,Mazda,RX-7,1991,"€1792,20"
428,Madelina,Raithmill,mraithmillbv@meetup.com,Mazda,RX-7,1985,"€3535,86"
429,Bee,Pavolini,bpavolinibw@ocn.ne.jp,Mazda,MPV,2001,"€2086,97"
430,Kelsey,Lehrahan,klehrahanbx@home.pl,Buick,LeSabre,1994,"€3634,81"
431,Ermina,Menier,emenierby@addtoany.com,Audi,5000S,1984,"€2930,73"
432,Archy,Birth,abirthbz@hatena.ne.jp,Ford,Explorer Sport Trac,2005,"€3281,14"
433,Conny,Darmody,cdarmodyc0@bbc.co.uk,Aston Martin,Rapide,2010,"€2097,14"
434,Trixi,Nelissen,tnelissenc1@oaic.gov.au,Honda,del Sol,1993,"€2869,70"
435,Loleta,Barnett,lbarnettc2@gizmodo.com,Infiniti,IPL G,2011,"€3195,06"
436,Ethel,Tongue,etonguec3@dot.gov,Mercedes-Benz,E-Class,2008,"€1778,95"
437,Haskell,Kubyszek,hkubyszekc4@issuu.com,Ford,F150,1998,"€1564,53"
438,Fina,Claessens,fclaessensc5@163.com,Mercedes-Benz,Sprinter 2500,2011,"€944,58"
439,Kip,Haire,khairec6@oakley.com,Buick,Lucerne,2009,"€3594,85"
440,Piggy,Bett,pbettc7@fotki.com,Honda,Prelude,1992,"€1257,46"
441,Jammie,Olrenshaw,jolrenshawc8@ebay.co.uk,Volkswagen,Eurovan,2001,"€912,06"
442,Kriste,Hargitt,khargittc9@apache.org,Maserati,Gran Sport,2006,"€2748,47"
443,Florina,Quinnelly,fquinnellyca@purevolume.com,Cadillac,Eldorado,2001,"€1054,11"
444,Allen,Stobbes,astobbescb@flavors.me,Toyota,Highlander,2005,"€2720,04"
445,Andy,Prater,apratercc@bravesites.com,BMW,X6,2010,"€3864,26"
446,Tiffi,Graybeal,tgraybealcd@networksolutions.com,Mercedes-Benz,SL-Class,2004,"€3141,39"
447,Alexandro,Scriviner,ascrivinerce@vkontakte.ru,Ford,Flex,2012,"€3733,68"
448,Aland,Redford,aredfordcf@ifeng.com,Rolls-Royce,Phantom,2013,"€2606,51"
449,Lazaro,Guilloud,lguilloudcg@foxnews.com,Austin,Mini,1963,"€1530,16"
450,Grete,Raynham,graynhamch@spiegel.de,Toyota,Highlander,2010,"€3255,01"
451,Steward,Dudman,sdudmanci@cdc.gov,Dodge,Challenger,2009,"€914,67"
452,Drusilla,Gilstoun,dgilstouncj@time.com,GMC,3500,1997,"€3510,65"
453,Casper,Gabbott,cgabbottck@patch.com,Dodge,Dakota Club,1997,"€616,98"
454,Patrica,Lepere,pleperecl@globo.com,Ford,Mustang,2010,"€2172,19"
455,Rania,Claige,rclaigecm@fc2.com,Hyundai,Accent,2003,"€749,13"
456,Eustace,Boor,eboorcn@cnbc.com,Ford,Torino,1970,"€3124,29"
457,Rosella,Malone,rmaloneco@usnews.com,Toyota,Tercel,1998,"€1570,80"
458,Edee,Grizard,egrizardcp@phpbb.com,Chevrolet,Suburban 1500,1996,"€1401,68"
459,Andreana,Ludwikiewicz,aludwikiewiczcq@ask.com,Honda,Ridgeline,2008,"€1662,38"
460,Ashlen,McLean,amcleancr@flickr.com,Jeep,Liberty,2005,"€2783,19"
461,Aeriela,Ferryn,aferryncs@dmoz.org,Lexus,ES,2004,"€1273,76"
462,Krishna,Larver,klarverct@sciencedaily.com,Toyota,Camry,2001,"€2866,77"
463,Bebe,Standon,bstandoncu@paginegialle.it,BMW,7 Series,1993,"€3162,15"
464,Letta,Sleany,lsleanycv@virginia.edu,Land Rover,Range Rover Sport,2007,"€1108,34"
465,Ursola,Westfalen,uwestfalencw@foxnews.com,Ford,Econoline E350,1995,"€2528,39"
466,Joli,Grammer,jgrammercx@elpais.com,Honda,S2000,2000,"€2052,75"
467,Roarke,Edlestone,redlestonecy@foxnews.com,GMC,Jimmy,1998,"€2486,51"
468,Arielle,Janic,ajaniccz@dot.gov,Mazda,B-Series Plus,2004,"€2170,44"
469,Mayor,Layland,mlaylandd0@wired.com,Suzuki,Grand Vitara,2008,"€3309,09"
470,Ernie,Poxon,epoxond1@fc2.com,Porsche,911,1998,"€1360,86"
471,Egon,Pearde,epearded2@storify.com,Chrysler,Town & Country,1998,"€552,17"
472,Emmy,Alexandrescu,ealexandrescud3@wp.com,Plymouth,Voyager,1996,"€556,25"
473,Margalit,Simak,msimakd4@creativecommons.org,Chevrolet,Express,2006,"€3525,13"
474,Calla,Recke,crecked5@wordpress.com,Mitsubishi,3000GT,1995,"€3177,23"
475,Johnathan,Doughton,jdoughtond6@vinaora.com,Mitsubishi,Cordia,1984,"€880,77"
476,Blancha,Dehmel,bdehmeld7@pbs.org,Lexus,LS,2009,"€3167,59"
477,Cher,Pieracci,cpieraccid8@vkontakte.ru,Ford,Focus,2006,"€2425,22"
478,Deonne,Koomar,dkoomard9@newsvine.com,Tesla,Roadster,2010,"€1802,26"
479,Etienne,Schreurs,eschreursda@comsenz.com,Acura,MDX,2009,"€3105,62"
480,Carolyn,Lusher,clusherdb@123-reg.co.uk,Chrysler,300,2006,"€3527,97"
481,Blondelle,Blackney,bblackneydc@google.it,Ford,Mustang,1992,"€2551,62"
482,Blanch,Gawkes,bgawkesdd@etsy.com,Mitsubishi,Montero,1997,"€3578,86"
483,Chelsy,Harrigan,charrigande@exblog.jp,Lincoln,Continental Mark VII,1986,"€1612,40"
484,Edeline,Guidetti,eguidettidf@cbsnews.com,Chevrolet,1500,1994,"€1831,20"
485,Ardelis,Kiloh,akilohdg@a8.net,GMC,Jimmy,1994,"€2095,12"
486,Giulia,Comar,gcomardh@topsy.com,Volvo,S40,2011,"€2412,59"
487,Ddene,Hempshall,dhempshalldi@discuz.net,Lamborghini,Countach,1985,"€662,50"
488,Dorice,Brownsell,dbrownselldj@seesaa.net,Mercury,Sable,2002,"€1832,83"
489,Moise,Logue,mloguedk@wsj.com,Pontiac,Firebird,1984,"€586,64"
490,Vania,Coram,vcoramdl@a8.net,Mazda,Familia,1988,"€857,29"
491,Townie,Curwood,tcurwooddm@moonfruit.com,Pontiac,Firebird Formula,1999,"€1415,04"
492,Toddie,Lakeland,tlakelanddn@google.es,Pontiac,Grand Am,1985,"€2278,86"
493,Dietrich,Treweela,dtreweelado@epa.gov,Toyota,Tundra,2003,"€545,60"
494,Woodrow,Tirrey,wtirreydp@free.fr,Ford,Econoline E150,2002,"€3489,24"
495,Phineas,Venable,pvenabledq@google.ru,Mitsubishi,Eclipse,2002,"€2608,80"
496,Sheeree,Cheeld,scheelddr@prnewswire.com,Dodge,Ramcharger,1993,"€2637,33"
497,Dorise,Cruise,dcruiseds@princeton.edu,Ford,F250,2003,"€2946,05"
498,Ginelle,Cunde,gcundedt@wikispaces.com,Audi,A4,1999,"€2374,34"
499,Sherie,Chieco,schiecodu@un.org,Hyundai,Tiburon,1999,"€2058,05"
500,Kori,Oneile,koneiledv@typepad.com,Audi,A8,2008,"€695,81"
501,Alecia,Larciere,alarcieredw@virginia.edu,Acura,ZDX,2012,"€2042,28"
502,Ruddie,Lebel,rlebeldx@earthlink.net,Hyundai,Sonata,2010,"€2536,79"
503,Edith,Hartus,ehartusdy@hugedomains.com,Buick,Regal,2003,"€1574,49"
504,Jeri,Crunkhurn,jcrunkhurndz@wired.com,Jeep,Cherokee,1992,"€3725,84"
505,Colette,Gergler,cgerglere0@samsung.com,Bentley,Continental Flying Spur,2012,"€1758,27"
506,Lesli,Blew,lblewe1@woothemes.com,Mercedes-Benz,Sprinter 3500,2012,"€1119,85"
507,Dwain,Cobain,dcobaine2@over-blog.com,Mitsubishi,Raider,2006,"€556,60"
508,Astrid,Figurski,afigurskie3@unesco.org,Pontiac,G6,2005,"€2078,59"
509,Tiffany,Seppey,tseppeye4@plala.or.jp,Bentley,Continental,2009,"€945,95"
510,Yolanda,Soda,ysodae5@instagram.com,Lincoln,Mark VIII,1993,"€2058,35"
511,Ruperto,Hannam,rhanname6@sun.com,Volkswagen,Corrado,1990,"€3794,30"
512,Sibyl,Voelker,svoelkere7@nba.com,Ford,Th!nk,2000,"€884,10"
513,Barde,Sail,bsaile8@bbc.co.uk,Mitsubishi,Mirage,1995,"€3133,81"
514,Welby,O'Hanlon,wohanlone9@ning.com,Dodge,Ram 2500,1994,"€2907,77"
515,Travis,Shaw,tshawea@mashable.com,Mazda,MPV,1990,"€3489,89"
516,Leoline,Di Maria,ldimariaeb@prnewswire.com,Ford,F150,2010,"€2338,87"
517,Boonie,O' Meara,bomearaec@vimeo.com,Buick,Electra,1985,"€1981,18"
518,Louis,Collum,lcollumed@apple.com,Jaguar,XJ Series,2001,"€3810,05"
519,Aubert,Aubury,aauburyee@gmpg.org,Mercedes-Benz,GL-Class,2009,"€2683,80"
520,Regan,Bendel,rbendelef@fc2.com,Jeep,Patriot,2009,"€1078,90"
521,Junie,Longbone,jlongboneeg@tinypic.com,Toyota,4Runner,2012,"€2693,04"
522,Davis,Domaschke,ddomaschkeeh@wordpress.org,Chevrolet,Corvette,1961,"€1927,05"
523,Fergus,Menicomb,fmenicombei@woothemes.com,Lamborghini,Countach,1990,"€802,97"
524,Melicent,Yele,myeleej@uiuc.edu,Volkswagen,Touareg 2,2009,"€2725,73"
525,Crissie,McCook,cmccookek@scribd.com,Porsche,Boxster,2001,"€738,83"
526,Melissa,Normandale,mnormandaleel@ycombinator.com,Hummer,H2 SUT,2006,"€2576,23"
527,Ignacius,Braid,ibraidem@wikimedia.org,Acura,TL,2008,"€3278,29"
528,Gustav,Phelps,gphelpsen@cmu.edu,Chevrolet,Suburban 1500,2007,"€677,41"
529,Averil,Colly,acollyeo@walmart.com,Cadillac,XLR,2007,"€731,87"
530,Lenka,Billett,lbillettep@topsy.com,Mercedes-Benz,S-Class,1988,"€1744,34"
531,Sharon,Belliard,sbelliardeq@multiply.com,GMC,2500 Club Coupe,1998,"€3260,42"
532,Gardener,Varnals,gvarnalser@dmoz.org,Mazda,Protege,1996,"€873,26"
533,Weider,Birrell,wbirrelles@unc.edu,Subaru,XT,1986,"€2424,83"
534,Kennan,Mattiato,kmattiatoet@wiley.com,Buick,LeSabre,1994,"€3064,14"
535,Hughie,Douberday,hdouberdayeu@parallels.com,Audi,RS4,2008,"€2255,94"
536,Tessie,Takos,ttakosev@wikipedia.org,Oldsmobile,Bravada,2001,"€3025,78"
537,Tricia,Ransome,transomeew@furl.net,Lamborghini,Gallardo,2006,"€2607,16"
538,Peder,Broy,pbroyex@diigo.com,Isuzu,Rodeo,1999,"€1677,12"
539,Francesca,Kolodziej,fkolodziejey@mail.ru,Pontiac,LeMans,1990,"€3664,42"
540,Waverley,Gilchriest,wgilchriestez@sourceforge.net,Lexus,LS,2010,"€1529,60"
541,Leif,Rediers,lrediersf0@gravatar.com,Dodge,Caravan,2010,"€1003,29"
542,Lloyd,Chaffen,lchaffenf1@nydailynews.com,Chevrolet,Cobalt SS,2007,"€3239,89"
543,Heall,Kenson,hkensonf2@smh.com.au,Toyota,Corolla,1993,"€1277,64"
544,Minnaminnie,Gother,mgotherf3@oracle.com,Nissan,Maxima,1998,"€3173,82"
545,Ursuline,Carty,ucartyf4@alexa.com,Chevrolet,Express,2008,"€2577,59"
546,Ugo,Skinn,uskinnf5@about.com,Chrysler,Town & Country,2004,"€2140,03"
547,Dorothea,Pancoast,dpancoastf6@nbcnews.com,Ford,Festiva,1993,"€2549,17"
548,Beryle,Bolzen,bbolzenf7@usgs.gov,Jeep,Grand Cherokee,2009,"€3812,19"
549,Ewell,Rablen,erablenf8@chronoengine.com,Dodge,Ram Wagon B250,1994,"€1029,50"
550,Ronica,Brigshaw,rbrigshawf9@prweb.com,Acura,TL,2007,"€3183,65"
551,Rooney,Tolomelli,rtolomellifa@a8.net,Chevrolet,Express 1500,2010,"€3672,24"
552,Golda,Dunmore,gdunmorefb@ebay.com,Dodge,Ram 2500 Club,1999,"€3104,85"
553,Birdie,Isard,bisardfc@oaic.gov.au,Hyundai,Sonata,1995,"€718,72"
554,Bink,Fluck,bfluckfd@reuters.com,Saturn,Outlook,2009,"€3744,09"
555,Horace,Farnon,hfarnonfe@chron.com,Infiniti,M,2008,"€1355,38"
556,Rosco,Blaxton,rblaxtonff@earthlink.net,Hyundai,Accent,2000,"€3155,76"
557,Farand,Hedaux,fhedauxfg@constantcontact.com,Ford,F250,1984,"€3575,87"
558,Claudianus,Pietz,cpietzfh@t.co,Chevrolet,Tahoe,2013,"€2350,94"
559,Dona,Beevers,dbeeversfi@ovh.net,Acura,Integra,1999,"€1782,25"
560,Maribeth,Benini,mbeninifj@cbsnews.com,Volvo,C70,2002,"€2749,52"
561,Indira,Toffolini,itoffolinifk@census.gov,Chrysler,Concorde,2002,"€2990,75"
562,Barthel,Pancoust,bpancoustfl@plala.or.jp,Chrysler,300,2011,"€3017,96"
563,Ephrayim,Oddy,eoddyfm@huffingtonpost.com,Mitsubishi,Pajero,2001,"€1712,72"
564,Finley,Hayworth,fhayworthfn@acquirethisname.com,Toyota,Tacoma,2000,"€1615,69"
565,Patrizia,Gorham,pgorhamfo@goodreads.com,Lotus,Esprit,2002,"€3073,69"
566,Steffane,Burriss,sburrissfp@nationalgeographic.com,Ford,E-Series,1987,"€1420,72"
567,Johannah,Blant,jblantfq@mail.ru,Mitsubishi,Expo,1995,"€3471,18"
568,Audry,Jansen,ajansenfr@cbc.ca,Buick,Century,1992,"€2049,39"
569,Shirlene,Osipov,sosipovfs@forbes.com,Dodge,Ram 3500,2002,"€2960,41"
570,Ameline,Record,arecordft@goodreads.com,Subaru,Alcyone SVX,1994,"€1384,26"
571,Gianni,Tunmore,gtunmorefu@cafepress.com,Acura,Integra,1993,"€1611,06"
572,Rozella,Duffie,rduffiefv@prweb.com,Chevrolet,Camaro,1978,"€1284,89"
573,Katalin,Laverenz,klaverenzfw@twitpic.com,Infiniti,J,1994,"€1613,54"
574,Nikaniki,Bennis,nbennisfx@is.gd,Suzuki,Daewoo Lacetti,2005,"€3466,41"
575,Clarence,Hallowell,challowellfy@umn.edu,Land Rover,Range Rover,2003,"€3370,96"
576,Krystyna,Gosswell,kgosswellfz@omniture.com,Ford,Fiesta,2012,"€1469,19"
577,Holden,MacGorman,hmacgormang0@eepurl.com,Chevrolet,Tracker,1999,"€783,36"
578,Lilla,Eidler,leidlerg1@prnewswire.com,Chrysler,LHS,2000,"€3815,24"
579,Mireille,Cardiff,mcardiffg2@oaic.gov.au,Ford,Mustang,1989,"€3803,78"
580,Emilia,Redmayne,eredmayneg3@freewebs.com,GMC,Sonoma,1997,"€2428,82"
581,Nils,Hallifax,nhallifaxg4@yahoo.com,Buick,Regal,2000,"€3610,10"
582,Darice,Charnock,dcharnockg5@domainmarket.com,Lexus,GS,2005,"€1240,13"
583,Gretchen,Gypps,ggyppsg6@cdbaby.com,Honda,Element,2009,"€3915,12"
584,Juieta,Bockmaster,jbockmasterg7@amazon.com,Geo,Tracker,1994,"€2229,31"
585,Codee,Puller,cpullerg8@creativecommons.org,Jeep,Compass,2012,"€2316,20"
586,Moyra,Scurrer,mscurrerg9@blogtalkradio.com,Chevrolet,3500,1997,"€2274,80"
587,Cornela,Butner,cbutnerga@bizjournals.com,Mercury,Grand Marquis,1989,"€697,79"
588,Welch,Guy,wguygb@nasa.gov,Honda,Civic,1997,"€2788,73"
589,Cale,Baszkiewicz,cbaszkiewiczgc@etsy.com,Nissan,350Z,2004,"€2225,65"
590,Marlowe,Burgiss,mburgissgd@smh.com.au,Dodge,D150,1993,"€3006,61"
591,Frannie,Bebb,fbebbge@ebay.co.uk,Lexus,GX,2003,"€890,07"
592,Harbert,Lundon,hlundongf@hexun.com,Volvo,850,1995,"€962,09"
593,Mathian,Easton,meastongg@nhs.uk,Dodge,Dakota,1992,"€2659,51"
594,Eddy,Burless,eburlessgh@yahoo.com,Volvo,S40,2002,"€545,15"
595,Archibold,Barton,abartongi@hostgator.com,Renault,Alliance,1983,"€533,39"
596,Aurea,Pocock,apocockgj@nba.com,GMC,Suburban 1500,1998,"€3969,92"
597,Clarinda,Sissons,csissonsgk@sciencedaily.com,Audi,A5,2012,"€3427,37"
598,Kingston,Getcliffe,kgetcliffegl@google.es,Toyota,MR2,1987,"€2751,17"
599,Fredi,Dingle,fdinglegm@eventbrite.com,Volkswagen,GTI,1988,"€3895,98"
600,Cody,Breslau,cbreslaugn@usa.gov,Lexus,GS,1995,"€3459,40"
601,Kaiser,Strass,kstrassgo@msu.edu,BMW,X3,2008,"€2716,54"
602,Denny,Helleckas,dhelleckasgp@uol.com.br,GMC,Yukon,2001,"€776,48"
603,Debby,Felmingham,dfelminghamgq@shop-pro.jp,Pontiac,Trans Sport,1999,"€2926,27"
604,Mavra,Wauchope,mwauchopegr@alibaba.com,GMC,Yukon XL 1500,2010,"€1695,61"
605,Liliane,McClunaghan,lmcclunaghangs@chronoengine.com,Ford,Thunderbird,1990,"€580,99"
606,Ethan,Geikie,egeikiegt@boston.com,Hummer,H3,2006,"€2063,18"
607,Manya,Minard,mminardgu@discuz.net,Dodge,D150 Club,1993,"€2834,40"
608,Pattie,Patkin,ppatkingv@acquirethisname.com,Chevrolet,Malibu,1997,"€535,20"
609,Dell,Reyne,dreynegw@geocities.com,Toyota,RAV4,1998,"€2958,94"
610,Gilberta,Priestnall,gpriestnallgx@blog.com,Ford,Mustang,1983,"€2978,21"
611,Alfons,Toby,atobygy@cbslocal.com,Pontiac,Trans Sport,1996,"€3850,22"
612,Adan,Coldbreath,acoldbreathgz@who.int,Infiniti,FX,2007,"€3748,44"
613,Kimble,Bradock,kbradockh0@nytimes.com,Toyota,Camry Hybrid,2009,"€1225,17"
614,Jayme,Klimashevich,jklimashevichh1@nyu.edu,Rolls-Royce,Phantom,2007,"€3533,46"
615,Eleanora,Lorking,elorkingh2@so-net.ne.jp,Volkswagen,GTI,1990,"€2349,24"
616,Benito,Espinos,bespinosh3@vistaprint.com,Mercury,Sable,1998,"€1263,10"
617,Cassius,Mowlam,cmowlamh4@1688.com,Chevrolet,Astro,1993,"€641,63"
618,Lyon,Alvin,lalvinh5@va.gov,Dodge,Viper RT/10,1995,"€852,10"
619,Charis,Fluin,cfluinh6@foxnews.com,Lotus,Elan,1994,"€3352,71"
620,Clint,Stovin,cstovinh7@rakuten.co.jp,Nissan,Quest,2000,"€1808,46"
621,Zonnya,Ditchburn,zditchburnh8@is.gd,Ford,Mustang,1985,"€526,91"
622,Jill,Ewer,jewerh9@instagram.com,Toyota,Solara,2005,"€3027,89"
623,Redford,Gateley,rgateleyha@sourceforge.net,Volvo,C70,1999,"€989,46"
624,Suzie,Wallwork,swallworkhb@feedburner.com,Ford,F350,2008,"€3526,19"
625,Xenos,McKyrrelly,xmckyrrellyhc@bloglines.com,Acura,RL,2012,"€2253,12"
626,Eachelle,Fancet,efancethd@flickr.com,Pontiac,Grand Am,1995,"€3101,44"
627,Sammie,Arguile,sarguilehe@booking.com,Jaguar,XJ Series,1994,"€1473,35"
628,Kinny,Beaudry,kbeaudryhf@google.co.uk,Mercedes-Benz,400E,1993,"€1358,83"
629,Willard,Heed,wheedhg@nsw.gov.au,Lamborghini,Diablo,2000,"€2711,71"
630,Winnie,Scadden,wscaddenhh@imdb.com,Mercedes-Benz,E-Class,1987,"€3051,72"
631,Cass,Henric,chenrichi@ted.com,Toyota,Paseo,1995,"€795,32"
632,Joye,Margiotta,jmargiottahj@dot.gov,BMW,5 Series,2002,"€3390,31"
633,Inglis,Ayers,iayershk@shop-pro.jp,GMC,2500,1999,"€820,05"
634,Aggi,Twittey,atwitteyhl@pbs.org,Subaru,Tribeca,2009,"€3165,13"
635,Grissel,Searchfield,gsearchfieldhm@aboutads.info,Nissan,Quest,2006,"€727,15"
636,Bryan,Andriveaux,bandriveauxhn@soundcloud.com,Mazda,Mazda3,2007,"€1158,60"
637,Lisette,Mapplebeck,lmapplebeckho@spotify.com,Chevrolet,S10 Blazer,1994,"€1126,32"
638,Cristabel,Marklow,cmarklowhp@salon.com,Lexus,GS,2004,"€1080,84"
639,Thurstan,Franzoli,tfranzolihq@umn.edu,Volvo,850,1996,"€1226,72"
640,Marge,Prop,mprophr@weibo.com,Kia,Rondo,2009,"€2091,97"
641,Dorice,Swanger,dswangerhs@economist.com,Buick,Roadmaster,1993,"€1612,08"
642,Domeniga,Kennally,dkennallyht@engadget.com,Pontiac,Bonneville,1996,"€1485,62"
643,Caril,O'Caherny,cocahernyhu@uiuc.edu,Acura,SLX,1996,"€1100,96"
644,Shellysheldon,Whitters,swhittershv@tiny.cc,Pontiac,Vibe,2003,"€923,65"
645,Weston,Beecham,wbeechamhw@webeden.co.uk,Mercury,Grand Marquis,2008,"€2005,43"
646,Marlane,Schapiro,mschapirohx@mlb.com,Ford,Contour,1995,"€2080,22"
647,Edouard,Brinklow,ebrinklowhy@sina.com.cn,Chevrolet,Silverado 1500,2006,"€2249,02"
648,Carly,Angeli,cangelihz@soundcloud.com,Hyundai,Tucson,2005,"€502,46"
649,Gifford,Yuryev,gyuryevi0@google.de,Toyota,T100 Xtra,1995,"€3192,92"
650,Fionnula,Fenlon,ffenloni1@livejournal.com,Jaguar,XK Series,2013,"€3032,49"
651,Maribel,Fairbourne,mfairbournei2@usda.gov,Mazda,Familia,1988,"€3676,04"
652,Genni,Michieli,gmichielii3@seesaa.net,Chevrolet,Silverado 3500,2007,"€2541,45"
653,Martynne,Coulthard,mcoulthardi4@nps.gov,Buick,Century,1988,"€1386,85"
654,Merrilee,Bowring,mbowringi5@sun.com,Porsche,Boxster,1998,"€3722,80"
655,Cody,Stille,cstillei6@woothemes.com,Lincoln,MKT,2012,"€2710,79"
656,Vivyan,Quilty,vquiltyi7@prlog.org,Mitsubishi,Mirage,1992,"€3886,68"
657,Belvia,Boundley,bboundleyi8@surveymonkey.com,Saab,900,1986,"€2921,89"
658,Garrek,Lumb,glumbi9@slashdot.org,Chevrolet,Traverse,2011,"€823,52"
659,Hadleigh,Trevithick,htrevithickia@facebook.com,Chevrolet,Avalanche 2500,2003,"€1582,33"
660,Andriette,Baudoux,abaudouxib@wordpress.org,GMC,Safari,2002,"€2925,68"
661,Brina,Gietz,bgietzic@toplist.cz,Buick,Riviera,1995,"€2860,31"
662,Lenette,Haily,lhailyid@elegantthemes.com,Mitsubishi,Lancer Evolution,2008,"€1959,37"
663,Oliver,Edlin,oedlinie@engadget.com,Kia,Sorento,2004,"€3408,00"
664,Giles,Eakins,geakinsif@nytimes.com,Dodge,Dakota,2001,"€1983,31"
665,Lolita,Umpleby,lumplebyig@jiathis.com,GMC,1500,1997,"€3325,30"
666,Bobina,Hassall,bhassallih@cdbaby.com,Mercedes-Benz,S-Class,2005,"€2262,13"
667,Bess,Ockendon,bockendonii@bandcamp.com,Hyundai,XG350,2004,"€2347,65"
668,Gilli,Jahndel,gjahndelij@theguardian.com,Pontiac,Bonneville,2001,"€3176,65"
669,Ingrid,Ledgley,iledgleyik@g.co,Hyundai,Accent,1997,"€2593,67"
670,Johnny,Pynner,jpynneril@wired.com,Volkswagen,Fox,1987,"€768,70"
671,Georgetta,Cantua,gcantuaim@webnode.com,Ford,Taurus,1991,"€1212,26"
672,Sandie,Heninghem,sheninghemin@house.gov,Lincoln,MKZ,2011,"€1665,94"
673,Babbette,Ticksall,bticksallio@state.tx.us,Isuzu,Hombre Space,1997,"€2089,85"
674,Legra,Cappleman,lcapplemanip@google.nl,Toyota,Sequoia,2006,"€1584,48"
675,Adlai,Ebbitt,aebbittiq@umich.edu,Jeep,Wrangler,2005,"€1478,73"
676,Xever,Colbrun,xcolbrunir@google.nl,Subaru,Legacy,2005,"€2128,16"
677,Nicolina,Behn,nbehnis@elegantthemes.com,Kia,Sedona,2012,"€2314,70"
678,Leilah,De la Harpe,ldelaharpeit@deliciousdays.com,GMC,Yukon,2010,"€1657,58"
679,Rubie,Swallwell,rswallwelliu@is.gd,Infiniti,FX,2005,"€3587,08"
680,Gretal,Adlam,gadlamiv@usa.gov,Dodge,Caravan,1998,"€2295,50"
681,Edwina,Carhart,ecarhartiw@networkadvertising.org,Audi,A4,2011,"€2320,40"
682,Zach,Collier,zcollierix@google.pl,Lexus,LX,1998,"€3975,60"
683,Ashton,Bridie,abridieiy@gov.uk,Infiniti,FX,2003,"€2444,62"
684,Valenka,Djekic,vdjekiciz@webnode.com,BMW,M3,1995,"€3735,09"
685,Grenville,Helmke,ghelmkej0@wordpress.org,Mazda,626,1985,"€2985,52"
686,Skyler,Lemme,slemmej1@globo.com,Lincoln,LS,2005,"€2371,78"
687,Pauly,Doddemeade,pdoddemeadej2@naver.com,Lincoln,Town Car,2005,"€1620,38"
688,Leonelle,Blaiklock,lblaiklockj3@blog.com,Ford,E-Series,2012,"€1703,87"
689,Alvin,Clulow,aclulowj4@unblog.fr,Volvo,S70,2000,"€3431,78"
690,Kissie,Cutten,kcuttenj5@imgur.com,Nissan,Versa,2010,"€800,74"
691,Colet,Castelijn,ccastelijnj6@hp.com,Volkswagen,Eos,2012,"€1524,04"
692,Leonanie,MacNish,lmacnishj7@skype.com,Pontiac,Fiero,1988,"€1614,95"
693,Ricky,Skarman,rskarmanj8@prweb.com,Aston Martin,V12 Vantage,2011,"€1043,08"
694,Arabele,Lowndsbrough,alowndsbroughj9@instagram.com,Ferrari,F430,2008,"€569,14"
695,Dex,Sprull,dsprullja@usatoday.com,Oldsmobile,Alero,2003,"€3150,57"
696,Godfrey,Duggon,gduggonjb@upenn.edu,Ford,Tempo,1994,"€2163,05"
697,Stephani,Lumley,slumleyjc@answers.com,Lincoln,Continental,1985,"€963,06"
698,Iseabal,Leythley,ileythleyjd@cisco.com,BMW,X5,2001,"€3443,10"
699,Nealy,Holyland,nholylandje@mayoclinic.com,Mercedes-Benz,S-Class,2000,"€578,17"
700,Emlynne,Emor,eemorjf@ftc.gov,Mercedes-Benz,W201,1993,"€3349,87"
701,Celestine,Cleugh,ccleughjg@deviantart.com,Mazda,CX-7,2008,"€2807,80"
702,Dasya,Trudgeon,dtrudgeonjh@nytimes.com,BMW,530,2003,"€3561,89"
703,Corbin,Woolvett,cwoolvettji@weebly.com,Buick,Estate,1989,"€3766,54"
704,Ainsley,Gouldeby,agouldebyjj@go.com,Dodge,Journey,2012,"€1150,68"
705,Gris,Pearson,gpearsonjk@odnoklassniki.ru,Eagle,Talon,1994,"€2829,49"
706,Barbie,Kleis,bkleisjl@merriam-webster.com,Infiniti,QX56,2012,"€2072,76"
707,Mel,Felgate,mfelgatejm@mediafire.com,Mitsubishi,Raider,2009,"€2142,07"
708,Mahmoud,Topliss,mtoplissjn@delicious.com,BMW,Z3,1999,"€1775,55"
709,Stanleigh,Fitzsimon,sfitzsimonjo@virginia.edu,Dodge,Neon,2002,"€3724,72"
710,Kylie,Blayney,kblayneyjp@abc.net.au,Mercedes-Benz,SLK-Class,2008,"€2772,58"
711,Etty,Shoubridge,eshoubridgejq@netvibes.com,Mazda,Mazda3,2006,"€1980,58"
712,Dwain,Frango,dfrangojr@hexun.com,Lexus,ES,2003,"€2107,10"
713,Gwyneth,Patterfield,gpatterfieldjs@flavors.me,Acura,SLX,1998,"€3176,15"
714,Karoline,Ducker,kduckerjt@usda.gov,Dodge,Grand Caravan,1998,"€2434,83"
715,Moyna,McIlwaine,mmcilwaineju@delicious.com,Mercedes-Benz,S-Class,2011,"€2276,85"
716,Levy,Higounet,lhigounetjv@ca.gov,Chevrolet,Suburban 1500,1997,"€3025,40"
717,Reena,Soda,rsodajw@msn.com,Chrysler,LHS,1997,"€3391,03"
718,Phil,Cousans,pcousansjx@earthlink.net,Lexus,LS,2000,"€3163,42"
719,Adriane,Laise,alaisejy@alexa.com,Infiniti,QX,2006,"€3483,62"
720,Leslie,Cullen,lcullenjz@sciencedirect.com,Chevrolet,Malibu,2000,"€1329,67"
721,Aridatha,Huddy,ahuddyk0@opensource.org,Toyota,Tacoma,2004,"€538,75"
722,Francene,Pagett,fpagettk1@mashable.com,Nissan,Maxima,1996,"€2704,26"
723,Marys,Rollett,mrollettk2@arstechnica.com,Nissan,280ZX,1979,"€1348,27"
724,Zelma,Jenckes,zjenckesk3@cam.ac.uk,Ford,Bronco II,1985,"€817,71"
725,Porty,Stoffels,pstoffelsk4@printfriendly.com,Buick,Reatta,1991,"€1216,23"
726,Marie-ann,Licas,mlicask5@barnesandnoble.com,Mercedes-Benz,300SL,1993,"€1830,03"
727,Lennard,Lark,llarkk6@pbs.org,Chevrolet,Corvette,1972,"€1069,78"
728,Mary,Merigon,mmerigonk7@indiegogo.com,Nissan,Quest,2000,"€1592,89"
729,Hatty,Le Moucheux,hlemoucheuxk8@flickr.com,BMW,5 Series,1997,"€1428,00"
730,Donna,Mayberry,dmayberryk9@google.fr,BMW,Z4 M Roadster,2009,"€2643,66"
731,Bea,Rikel,brikelka@google.com.au,BMW,7 Series,1998,"€743,80"
732,Jesse,Collens,jcollenskb@webs.com,Toyota,Corolla,1998,"€3907,54"
733,Adrianna,Silversmidt,asilversmidtkc@miitbeian.gov.cn,GMC,Sierra 2500,2007,"€689,15"
734,Harriott,Mosconi,hmosconikd@topsy.com,BMW,Z4,2012,"€1088,21"
735,Elia,Lamminam,elamminamke@eventbrite.com,Mercedes-Benz,G-Class,2012,"€514,93"
736,Garwin,Zelland,gzellandkf@wikia.com,Land Rover,Freelander,2004,"€3540,11"
737,Whitby,Yakunchikov,wyakunchikovkg@imgur.com,Ford,Fairlane,1966,"€3219,21"
738,Dorette,Neilan,dneilankh@nsw.gov.au,GMC,Envoy,2000,"€3837,83"
739,Odelinda,Tipple,otippleki@nydailynews.com,Suzuki,X-90,1998,"€813,88"
740,Betti,McGoon,bmcgoonkj@harvard.edu,Ford,Mustang,2007,"€2659,21"
741,Heall,Seally,hseallykk@sohu.com,Audi,5000S,1987,"€1129,74"
742,Vaughn,Wyleman,vwylemankl@tiny.cc,Volvo,XC90,2008,"€2238,70"
743,Germayne,Baverstock,gbaverstockkm@github.io,Pontiac,Monterey,2005,"€3266,87"
744,Fonsie,Ivankovic,fivankovickn@whitehouse.gov,Pontiac,Sunfire,2001,"€1350,31"
745,Rafaelita,Delmonti,rdelmontiko@surveymonkey.com,Lotus,Exige,2007,"€1400,52"
746,Jayne,MacClenan,jmacclenankp@webmd.com,Pontiac,Vibe,2006,"€2577,89"
747,Diana,Cominello,dcominellokq@netlog.com,Cadillac,Fleetwood,1995,"€1452,31"
748,Lou,Weeden,lweedenkr@amazon.co.jp,Suzuki,XL-7,2007,"€1442,97"
749,Misha,Tebbut,mtebbutks@reference.com,Volkswagen,Touareg 2,2008,"€3902,33"
750,Jarrod,Paula,jpaulakt@hp.com,Ford,F450,2012,"€1375,47"
751,Lenee,Maffioni,lmaffioniku@creativecommons.org,Geo,Tracker,1996,"€795,71"
752,Mandie,Silveston,msilvestonkv@google.cn,Chevrolet,Astro,1998,"€3852,99"
753,Barbra,Ridewood,bridewoodkw@google.co.uk,Jaguar,XJ,2008,"€2657,11"
754,Heinrick,Braycotton,hbraycottonkx@google.ru,Kia,Optima,2010,"€3621,43"
755,Luca,Lebarree,llebarreeky@washington.edu,Pontiac,Grand Am,1994,"€3755,15"
756,Heda,Thorns,hthornskz@google.co.jp,GMC,2500,1994,"€1637,99"
757,Jamill,Derington,jderingtonl0@hatena.ne.jp,Ford,Edge,2010,"€2765,26"
758,Osbourn,Bartosiak,obartosiakl1@google.es,Alfa Romeo,Spider,1993,"€3214,67"
759,Jayme,Heisman,jheismanl2@imageshack.us,Toyota,Corolla,2002,"€3009,79"
760,Silvano,Flook,sflookl3@godaddy.com,Mercedes-Benz,S-Class,1999,"€3035,81"
761,Jayme,Uzzell,juzzelll4@toplist.cz,Honda,Civic,1988,"€672,41"
762,Jarret,Boddie,jboddiel5@deviantart.com,Ford,Thunderbird,1991,"€3429,46"
763,Carri,Rollo,crollol6@cbslocal.com,Kia,Rio,2004,"€3105,34"
764,Nate,Pelos,npelosl7@elpais.com,Toyota,Camry Hybrid,2011,"€608,88"
765,Tudor,Penburton,tpenburtonl8@earthlink.net,Ford,E-Series,2012,"€1385,40"
766,Melicent,Ruoss,mruossl9@mapquest.com,Toyota,TundraMax,2007,"€2137,17"
767,Berna,Beidebeke,bbeidebekela@cdc.gov,Chevrolet,S10 Blazer,1992,"€3188,96"
768,Ania,Epinoy,aepinoylb@ed.gov,BMW,6 Series,2009,"€2383,84"
769,Aleta,Charity,acharitylc@tumblr.com,Pontiac,Grand Am,2004,"€2172,65"
770,Wileen,Seniour,wseniourld@prlog.org,Toyota,4Runner,2012,"€3192,26"
771,Mariejeanne,Budnik,mbudnikle@wired.com,Subaru,Brat,1986,"€1032,93"
772,Mimi,Da Costa,mdacostalf@rakuten.co.jp,Dodge,Ram Van 1500,1995,"€3439,96"
773,Yardley,Repp,yrepplg@youtu.be,Saturn,Aura,2008,"€3764,40"
774,Engracia,Denisovich,edenisovichlh@istockphoto.com,Volvo,960,1992,"€2065,46"
775,Barnebas,Weaver,bweaverli@oaic.gov.au,Mazda,Mazdaspeed 3,2010,"€3979,03"
776,Kissiah,Mushawe,kmushawelj@addtoany.com,Volkswagen,New Beetle,1999,"€2734,15"
777,Kalvin,Gligori,kgligorilk@nbcnews.com,Mercury,Cougar,1995,"€3051,07"
778,Marice,Coventry,mcoventryll@jalbum.net,Acura,NSX,2003,"€1293,67"
779,Garret,Shields,gshieldslm@fc2.com,Mitsubishi,Diamante,1997,"€3747,21"
780,Hailee,Jenteau,hjenteauln@ucoz.com,Nissan,Cube,2009,"€3241,50"
781,Vail,Bohling,vbohlinglo@drupal.org,Hyundai,Elantra,1996,"€3717,87"
782,Franny,Marsland,fmarslandlp@businessweek.com,Subaru,Justy,1994,"€2781,05"
783,Jocelyne,Harower,jharowerlq@narod.ru,Lincoln,LS,2003,"€1534,42"
784,Cahra,Dominique,cdominiquelr@businesswire.com,Ford,Fiesta,2011,"€2239,30"
785,Nels,Fayerman,nfayermanls@tinyurl.com,GMC,Sonoma,2000,"€1733,29"
786,Trude,Bradane,tbradanelt@elegantthemes.com,Jaguar,XK,2012,"€2116,28"
787,Marci,Marczyk,mmarczyklu@senate.gov,GMC,Envoy,1998,"€1513,36"
788,Pattin,Pursglove,ppursglovelv@icio.us,Mazda,626,2001,"€3877,64"
789,Leticia,Flannigan,lflanniganlw@yahoo.com,Mitsubishi,RVR,1995,"€1139,14"
790,Pavla,Hayball,phayballlx@alibaba.com,Pontiac,Safari,1987,"€2694,29"
791,Ardyth,Pollendine,apollendinely@youtu.be,Oldsmobile,Aurora,1997,"€2521,71"
792,Kin,Gartan,kgartanlz@tuttocitta.it,Subaru,Legacy,1998,"€3617,06"
793,Rania,Eaglesham,reagleshamm0@cdbaby.com,Dodge,Journey,2012,"€3456,77"
794,Bambi,Aikett,baikettm1@tmall.com,Ford,Bronco II,1986,"€2548,28"
795,Nanice,Blowfield,nblowfieldm2@google.ca,Audi,A6,2005,"€2417,84"
796,Darill,Graysmark,dgraysmarkm3@instagram.com,Lotus,Esprit,1999,"€2766,77"
797,Ambrosius,Hanwell,ahanwellm4@illinois.edu,Ford,E350,2004,"€1119,68"
798,Annmaria,Markel,amarkelm5@shutterfly.com,Bentley,Azure,2009,"€2851,96"
799,Lucio,Woodier,lwoodierm6@theglobeandmail.com,Mercury,Capri,1986,"€2276,76"
800,Sherry,Oglevie,sogleviem7@nyu.edu,Dodge,Charger,2007,"€1790,74"
801,Marlowe,Blaxland,mblaxlandm8@weibo.com,Lexus,LS,2003,"€1177,29"
802,Jourdan,Suggett,jsuggettm9@bbc.co.uk,Porsche,Panamera,2011,"€2375,26"
803,Redford,Cappell,rcappellma@behance.net,Dodge,Durango,2006,"€1372,79"
804,Aubine,Lilburne,alilburnemb@miitbeian.gov.cn,Mazda,Protege,1993,"€3397,36"
805,Raymond,Frodsham,rfrodshammc@abc.net.au,Mazda,Mazda6,2005,"€3650,39"
806,Caz,Friend,cfriendmd@paypal.com,Alfa Romeo,164,1994,"€1159,67"
807,Shaylyn,Yakuntsov,syakuntsovme@woothemes.com,Toyota,Paseo,1995,"€728,66"
808,Moyna,Binley,mbinleymf@ted.com,GMC,Yukon XL 1500,2001,"€3318,63"
809,Killian,Benting,kbentingmg@rakuten.co.jp,Aptera,Typ-1,2008,"€816,02"
810,Raddie,Georgievski,rgeorgievskimh@slate.com,Chevrolet,Suburban 1500,2001,"€3397,42"
811,Errol,Poe,epoemi@latimes.com,Lamborghini,Diablo,2000,"€643,18"
812,Cord,Newlands,cnewlandsmj@google.co.uk,Isuzu,Rodeo,1997,"€3783,83"
813,Rafferty,Skinn,rskinnmk@bloglovin.com,Suzuki,Swift,1991,"€2303,21"
814,Margit,De Beneditti,mdebenedittiml@flickr.com,Ford,E150,2009,"€3550,89"
815,Margery,Laugier,mlaugiermm@smugmug.com,Hummer,H3,2006,"€3255,62"
816,Tierney,Carslake,tcarslakemn@is.gd,Mitsubishi,Diamante,1996,"€954,72"
817,Meredith,Brimble,mbrimblemo@abc.net.au,Pontiac,Firebird,1998,"€3009,92"
818,Etienne,Prier,epriermp@dedecms.com,Porsche,944,1991,"€1977,00"
819,Dyane,Mulvenna,dmulvennamq@dailymail.co.uk,Nissan,Frontier,2001,"€850,15"
820,Kristel,Keay,kkeaymr@gizmodo.com,BMW,750,2006,"€3815,10"
821,Steward,Orrell,sorrellms@dmoz.org,Suzuki,Sidekick,1998,"€1832,06"
822,Krispin,Honeyghan,khoneyghanmt@java.com,GMC,Yukon,2012,"€2479,14"
823,Bradney,Emes,bemesmu@about.me,Ford,Tempo,1993,"€2677,29"
824,Louise,Greenier,lgreeniermv@ft.com,Nissan,Quest,1999,"€1727,68"
825,Arlie,Jodrellec,ajodrellecmw@histats.com,Nissan,Cube,2009,"€1491,93"
826,Axel,Plett,aplettmx@csmonitor.com,Mazda,CX-9,2007,"€974,16"
827,Aretha,Spain-Gower,aspaingowermy@nymag.com,Ford,Explorer Sport Trac,2000,"€2394,25"
828,Susanne,Djorvic,sdjorvicmz@istockphoto.com,Saturn,Outlook,2007,"€905,66"
829,Khalil,Browne,kbrownen0@cbslocal.com,Toyota,TundraMax,2007,"€1372,41"
830,Maxy,Cornell,mcornelln1@unesco.org,Mercedes-Benz,E-Class,2005,"€1201,08"
831,Ealasaid,Stentiford,estentifordn2@google.com.au,Lexus,GS,1994,"€3292,76"
832,Erna,Oxtiby,eoxtibyn3@webmd.com,Audi,A4,1997,"€2735,60"
833,Janetta,Seakes,jseakesn4@cbslocal.com,Volvo,S60,2006,"€1775,29"
834,Barbi,Smithe,bsmithen5@ocn.ne.jp,Aptera,Typ-1,2009,"€2013,04"
835,Ilsa,Dumini,iduminin6@jalbum.net,Infiniti,Q,1994,"€2793,69"
836,Malena,Bristow,mbristown7@answers.com,Chevrolet,Monte Carlo,1997,"€2936,42"
837,Tabbie,Holme,tholmen8@prnewswire.com,Mitsubishi,GTO,1999,"€3832,59"
838,Demott,Hablet,dhabletn9@newsvine.com,Toyota,Corolla,1995,"€3104,18"
839,Quent,Kinnerk,qkinnerkna@narod.ru,Chevrolet,Malibu,2013,"€1587,71"
840,Alessandro,Dudleston,adudlestonnb@over-blog.com,Mercury,Sable,1993,"€2274,68"
841,Reinhold,Howden,rhowdennc@princeton.edu,Mercedes-Benz,SL-Class,2002,"€2650,32"
842,Cordy,Ledson,cledsonnd@microsoft.com,Hyundai,Genesis,2009,"€2681,80"
843,Bancroft,Walkington,bwalkingtonne@oakley.com,Land Rover,Range Rover,2002,"€740,17"
844,Florri,Antonsson,fantonssonnf@google.com.hk,Dodge,Avenger,2009,"€3030,77"
845,Evangelina,Reddan,ereddanng@utexas.edu,GMC,Yukon XL 1500,2009,"€1844,20"
846,Rasia,Ellor,rellornh@yahoo.com,Aston Martin,V8 Vantage,2007,"€1513,02"
847,Quincy,Spering,qsperingni@squidoo.com,Chrysler,Concorde,1994,"€3349,79"
848,Granger,Baily,gbailynj@utexas.edu,Kia,Rio,2011,"€1829,72"
849,Sande,Couling,scoulingnk@free.fr,Mazda,MX-5,2001,"€3719,90"
850,Irv,MacGilfoyle,imacgilfoylenl@oakley.com,Saab,9-2X,2005,"€2675,75"
851,Vivyanne,Trustie,vtrustienm@jiathis.com,Ford,Contour,1999,"€1595,83"
852,Arly,Petrolli,apetrollinn@cbsnews.com,Volkswagen,Golf,1986,"€928,71"
853,Ameline,Rait,araitno@devhub.com,Jeep,Wrangler,2005,"€2722,54"
854,Emylee,McCrae,emccraenp@vistaprint.com,Ford,Fusion,2008,"€2381,40"
855,Coleen,Lube,clubenq@cnet.com,Porsche,Boxster,1998,"€3655,33"
856,Kris,Howse,khowsenr@desdev.cn,Infiniti,M,2012,"€2930,29"
857,Giusto,Scourge,gscourgens@acquirethisname.com,Toyota,MR2,1995,"€1096,87"
858,Cordelia,Labrom,clabromnt@woothemes.com,BMW,745,2004,"€856,56"
859,Tabbie,Idenden,tidendennu@epa.gov,Volkswagen,Eurovan,2003,"€1080,17"
860,Merilyn,Lamasna,mlamasnanv@theguardian.com,Lexus,GX,2005,"€3057,62"
861,Marcelia,Kuhn,mkuhnnw@cocolog-nifty.com,Hyundai,Sonata,2006,"€2688,07"
862,Janka,McCrone,jmccronenx@geocities.com,Oldsmobile,Ciera,1993,"€1399,45"
863,Georgina,Doudney,gdoudneyny@bbb.org,Jeep,Grand Cherokee,1993,"€1066,65"
864,Merna,Wellstood,mwellstoodnz@storify.com,Mazda,RX-8,2011,"€1809,38"
865,Wilbur,O' Byrne,wobyrneo0@patch.com,Buick,Skylark,1993,"€3336,95"
866,Niven,Simoncello,nsimoncelloo1@ihg.com,Volkswagen,rio,1999,"€890,61"
867,Roseanne,Bagott,rbagotto2@amazon.de,Ford,Crown Victoria,1993,"€2191,31"
868,Eddy,Sandifer,esandifero3@ocn.ne.jp,Nissan,370Z,2011,"€3388,64"
869,Missie,Harnott,mharnotto4@businessweek.com,Chevrolet,Silverado 2500,2005,"€888,33"
870,Amalie,Maro,amaroo5@hhs.gov,Lincoln,Continental,1985,"€1686,31"
871,Steve,Baigrie,sbaigrieo6@imdb.com,Toyota,Corolla,1997,"€3951,77"
872,Lauraine,Boxe,lboxeo7@dailymail.co.uk,Toyota,Sequoia,2007,"€2700,42"
873,Tiffany,Bedminster,tbedminstero8@sun.com,Mercedes-Benz,W201,1985,"€3394,04"
874,Dyane,Deftie,ddeftieo9@gov.uk,Lamborghini,Diablo,1995,"€1187,37"
875,Jess,Grimsdith,jgrimsdithoa@state.tx.us,Audi,Q5,2010,"€2829,35"
876,Honey,Duckhouse,hduckhouseob@google.cn,Dodge,Sprinter,2009,"€2974,34"
877,Lynna,Blenkharn,lblenkharnoc@google.es,BMW,3 Series,2009,"€2629,71"
878,Alidia,Blaxter,ablaxterod@joomla.org,Jaguar,S-Type,2006,"€1635,47"
879,Nisse,Coenraets,ncoenraetsoe@devhub.com,Audi,Quattro,1985,"€3104,76"
880,Edmon,Pimley,epimleyof@stumbleupon.com,Ford,Taurus,2010,"€3113,47"
881,Georgianna,Gostling,ggostlingog@drupal.org,Lincoln,Continental,1988,"€3438,22"
882,Tricia,Magrane,tmagraneoh@gnu.org,Lamborghini,Diablo,2001,"€1460,04"
883,Carlita,Bolderstone,cbolderstoneoi@furl.net,Mercury,Villager,2000,"€876,93"
884,Stacy,Rumin,sruminoj@jugem.jp,GMC,Rally Wagon 1500,1992,"€3734,95"
885,Ellynn,Lorinez,elorinezok@shinystat.com,Mercury,Grand Marquis,1990,"€1700,16"
886,Clarissa,Santori,csantoriol@github.com,Chrysler,300M,2004,"€2608,03"
887,Liv,Stigers,lstigersom@icq.com,Audi,A4,2004,"€1215,56"
888,Norman,Cornes,ncorneson@si.edu,Dodge,Dakota,1994,"€2908,66"
889,Gilly,Dach,gdachoo@tuttocitta.it,Volkswagen,Golf,2003,"€1794,72"
890,Kizzie,Wakes,kwakesop@merriam-webster.com,Mercedes-Benz,E-Class,2000,"€2156,98"
891,Lindy,Marians,lmariansoq@instagram.com,Mazda,Mazda6,2011,"€1945,30"
892,Garrard,O'Hannigan,gohanniganor@1688.com,Hummer,H1,1999,"€1779,67"
893,Beilul,Filgate,bfilgateos@histats.com,Dodge,Durango,2007,"€654,28"
894,Frasier,Cloke,fclokeot@canalblog.com,Volvo,S70,1999,"€2277,81"
895,Valentine,Littlepage,vlittlepageou@wikipedia.org,Dodge,Avenger,2008,"€1448,58"
896,Alisa,Erwin,aerwinov@prnewswire.com,Cadillac,Escalade,2005,"€3594,16"
897,Sigvard,Burnhams,sburnhamsow@answers.com,Toyota,Highlander,2011,"€819,59"
898,Ruprecht,Ayerst,rayerstox@mapy.cz,Mercedes-Benz,600SL,1993,"€3984,72"
899,Shelley,Dolby,sdolbyoy@homestead.com,Chevrolet,Aveo,2004,"€1249,79"
900,Lolly,Rosenstengel,lrosenstengeloz@salon.com,Subaru,XT,1991,"€2281,89"
901,Robina,Pyke,rpykep0@google.com,Chevrolet,Corvette,1988,"€3837,17"
902,Grannie,Stanborough,gstanboroughp1@mozilla.org,Ford,Explorer,2004,"€819,93"
903,Devondra,Exelby,dexelbyp2@meetup.com,Chrysler,New Yorker,1993,"€3490,38"
904,Pete,Ramsell,pramsellp3@ebay.com,Honda,S2000,2001,"€898,34"
905,Mauricio,Gulliman,mgullimanp4@posterous.com,Mazda,MPV,1992,"€711,85"
906,Elton,Nolli,enollip5@goo.gl,Mitsubishi,Mirage,1998,"€1580,09"
907,Andree,Kissick,akissickp6@unicef.org,Ford,F-Series,2004,"€1069,89"
908,Katusha,Hartness,khartnessp7@upenn.edu,Toyota,Echo,2004,"€3117,25"
909,Bonnie,Onn,bonnp8@slashdot.org,Kia,Rondo,2009,"€2872,74"
910,Sondra,Hulke,shulkep9@wufoo.com,Audi,100,1992,"€3774,78"
911,Nickolas,Mandel,nmandelpa@mail.ru,Hyundai,Accent,2011,"€558,22"
912,Gabe,Page,gpagepb@g.co,Toyota,Sequoia,2012,"€1192,44"
913,Melvyn,Blaksley,mblaksleypc@pcworld.com,Mercedes-Benz,E-Class,1991,"€1958,24"
914,Lazare,Mudle,lmudlepd@princeton.edu,Mazda,B-Series Plus,2001,"€3120,67"
915,Bendicty,Crone,bcronepe@comsenz.com,Dodge,Ram 3500,2010,"€3542,09"
916,Hailee,Lett,hlettpf@google.com,Chevrolet,Express 2500,1997,"€2155,63"
917,Gabriela,Geharke,ggeharkepg@blog.com,Ford,Escape,2008,"€1002,07"
918,Sandra,Sherme,sshermeph@flavors.me,Saab,900,1988,"€950,96"
919,Mathias,McGurk,mmcgurkpi@twitter.com,Land Rover,LR3,2005,"€3849,37"
920,Ula,Mossop,umossoppj@cmu.edu,Lincoln,Town Car,2010,"€2254,17"
921,Shea,Wildt,swildtpk@amazon.com,Chrysler,Town & Country,2001,"€2226,99"
922,Catarina,Leeming,cleemingpl@wix.com,Pontiac,6000,1983,"€615,98"
923,Dinny,Levis,dlevispm@phpbb.com,Ford,Taurus,1997,"€1681,96"
924,Bernice,Sleight,bsleightpn@sohu.com,Mercury,Sable,1996,"€2541,73"
925,Brynn,Waulker,bwaulkerpo@angelfire.com,Land Rover,Range Rover,2004,"€2684,60"
926,Fay,Dimblebee,fdimblebeepp@sciencedirect.com,Saab,9000,1990,"€974,65"
927,Vallie,Flipek,vflipekpq@goo.ne.jp,Mazda,B-Series,1986,"€3833,83"
928,Olympie,Spearett,ospearettpr@mozilla.org,Mercury,Cougar,1988,"€756,57"
929,Nehemiah,Wheater,nwheaterps@nhs.uk,Dodge,Ram 1500,2004,"€1904,61"
930,Nickolaus,Crew,ncrewpt@accuweather.com,Chrysler,Cirrus,1997,"€1586,44"
931,Ezechiel,Stapleford,estaplefordpu@psu.edu,Volkswagen,GTI,1995,"€3347,89"
932,Celestine,Peiser,cpeiserpv@free.fr,Buick,LeSabre,1990,"€3075,72"
933,Blondelle,Pettet,bpettetpw@hostgator.com,Geo,Prizm,1992,"€2067,87"
934,Dreddy,Strute,dstrutepx@bluehost.com,Dodge,Ram Van 1500,2000,"€1528,49"
935,May,Pallin,mpallinpy@storify.com,Chrysler,Sebring,2006,"€3209,97"
936,Levon,Gaskin,lgaskinpz@alibaba.com,Volvo,C70,2010,"€1703,63"
937,Caldwell,Brislawn,cbrislawnq0@statcounter.com,Chevrolet,Suburban 2500,1993,"€1278,41"
938,Marijo,Golden,mgoldenq1@blogs.com,Buick,Park Avenue,2002,"€1461,23"
939,Albertina,Montel,amontelq2@boston.com,Audi,A4,2012,"€3962,81"
940,Antonella,Bruck,abruckq3@chronoengine.com,Lotus,Esprit,2001,"€3536,24"
941,Nadine,Madner,nmadnerq4@wisc.edu,Land Rover,Freelander,2001,"€3526,92"
942,Randee,Grayling,rgraylingq5@examiner.com,GMC,Rally Wagon 3500,1993,"€1480,79"
943,Bibi,Cawood,bcawoodq6@nhs.uk,Jeep,Wrangler,2002,"€1206,67"
944,Louella,Isles,lislesq7@imageshack.us,Ferrari,599 GTB Fiorano,2010,"€2484,39"
945,Eloise,Aberdalgy,eaberdalgyq8@weibo.com,Suzuki,Equator,2009,"€2440,60"
946,Albert,Juste,ajusteq9@bluehost.com,Oldsmobile,Intrigue,2002,"€2312,21"
947,Eulalie,Keher,ekeherqa@slate.com,Chevrolet,Express 3500,1998,"€3655,06"
948,Pavel,Bugdall,pbugdallqb@foxnews.com,GMC,Savana 1500,2005,"€807,24"
949,Chip,Walshaw,cwalshawqc@com.com,Acura,TL,1997,"€1250,98"
950,Simmonds,Desport,sdesportqd@reuters.com,Mercury,Marquis,1986,"€3051,46"
951,Estell,Osgar,eosgarqe@domainmarket.com,Suzuki,SJ,1993,"€2507,78"
952,Benni,Cobbe,bcobbeqf@smugmug.com,Volvo,C70,2007,"€1204,01"
953,Hyacinth,Horder,hhorderqg@google.com.hk,Audi,riolet,1998,"€1339,58"
954,Myron,Perrygo,mperrygoqh@sourceforge.net,Volkswagen,Passat,2012,"€1944,90"
955,Kerri,Able,kableqi@lulu.com,GMC,Savana 1500,2010,"€902,70"
956,Frannie,Sparshatt,fsparshattqj@xrea.com,Mitsubishi,Cordia,1985,"€1045,57"
957,Giorgi,MacRitchie,gmacritchieqk@washingtonpost.com,Volkswagen,Rabbit,2009,"€2331,97"
958,Andra,Windram,awindramql@paginegialle.it,Pontiac,LeMans,1989,"€610,02"
959,Jerad,Gorgl,jgorglqm@mediafire.com,Lotus,Esprit,2000,"€656,06"
960,Monika,Stokell,mstokellqn@ask.com,MINI,Cooper Countryman,2012,"€2311,01"
961,Evered,Caught,ecaughtqo@youtu.be,Cadillac,DTS,2010,"€1623,66"
962,Kenon,Scipsey,kscipseyqp@archive.org,Maserati,GranTurismo,2010,"€3085,72"
963,Casey,Glenn,cglennqq@wunderground.com,Volvo,940,1994,"€2116,61"
964,Rodge,Potte,rpotteqr@huffingtonpost.com,Rolls-Royce,Phantom,2008,"€961,42"
965,Catie,McHarry,cmcharryqs@newsvine.com,Aston Martin,Vantage,2011,"€904,59"
966,Gavra,Kemshell,gkemshellqt@fotki.com,Hyundai,Sonata,1999,"€3448,87"
967,Lionel,Burmingham,lburminghamqu@chronoengine.com,Volvo,S40,2006,"€2196,65"
968,Simon,Boggers,sboggersqv@xrea.com,Nissan,Maxima,2005,"€3036,12"
969,Melicent,Terlinden,mterlindenqw@nyu.edu,Dodge,Caliber,2007,"€1648,39"
970,Phyllis,Musgrove,pmusgroveqx@slideshare.net,Pontiac,Firebird,1989,"€1680,35"
971,Ellis,Seabrook,eseabrookqy@harvard.edu,Nissan,Versa,2010,"€3253,49"
972,Cord,Dunbobin,cdunbobinqz@tuttocitta.it,Daihatsu,Charade,1992,"€1323,20"
973,Barth,Playhill,bplayhillr0@guardian.co.uk,Mercedes-Benz,E-Class,1993,"€2804,14"
974,Britte,Bold,bboldr1@tripadvisor.com,Toyota,4Runner,1995,"€514,72"
975,Malia,Blakebrough,mblakebroughr2@utexas.edu,Pontiac,Grand Prix,1977,"€1431,52"
976,Willem,MacElane,wmacelaner3@seesaa.net,GMC,Sierra 1500,2012,"€3224,32"
977,Isabella,Trusler,itruslerr4@psu.edu,Honda,Prelude,1995,"€2304,59"
978,Thalia,Housley,thousleyr5@gov.uk,Mazda,Miata MX-5,2000,"€586,81"
979,Fredek,Palmer,fpalmerr6@dmoz.org,Jeep,Grand Cherokee,2010,"€3148,09"
980,Ermentrude,Simoens,esimoensr7@paginegialle.it,Land Rover,Discovery,2008,"€1288,90"
981,Anson,Bullocke,abullocker8@opensource.org,Dodge,D250,1992,"€1943,91"
982,Mirabelle,Tissell,mtissellr9@bing.com,MINI,Clubman,2010,"€2002,67"
983,Amye,Derdes,aderdesra@arizona.edu,Ford,E350,2003,"€2204,20"
984,Hugo,Stollenhof,hstollenhofrb@time.com,Ford,E250,2009,"€2568,43"
985,Valry,Crucetti,vcrucettirc@360.cn,Oldsmobile,Silhouette,1996,"€1525,27"
986,Rosie,Dron,rdronrd@macromedia.com,Subaru,Outback,2001,"€1986,27"
987,Cobby,Causier,ccausierre@cdc.gov,Infiniti,FX,2003,"€3050,84"
988,Shurlocke,Banbrick,sbanbrickrf@bing.com,Land Rover,Discovery,2004,"€2974,82"
989,Lula,Hillborne,lhillbornerg@oracle.com,Volkswagen,Jetta,1984,"€1140,02"
990,Colas,Littleton,clittletonrh@alibaba.com,BMW,1 Series,2012,"€1020,89"
991,Tilda,Gabbitus,tgabbitusri@multiply.com,Buick,Skylark,1998,"€2353,86"
992,Hew,Lightwing,hlightwingrj@hubpages.com,Toyota,Celica,1999,"€1476,30"
993,Francine,Dannehl,fdannehlrk@eepurl.com,Mercury,Cougar,1995,"€3187,77"
994,Brooks,Vobes,bvobesrl@dell.com,Dodge,Ram,2003,"€1861,61"
995,Pietro,Alldred,palldredrm@bizjournals.com,Lincoln,Continental,1989,"€2927,23"
996,Gretal,Mc Trusty,gmctrustyrn@umn.edu,BMW,600,1958,"€1391,67"
997,Pearce,Tierney,ptierneyro@un.org,Cadillac,Escalade,1999,"€3666,98"
998,Illa,Dawes,idawesrp@sina.com.cn,Honda,Pilot,2009,"€2157,09"
999,Bekki,Rosbottom,brosbottomrq@ed.gov,Mazda,Mazda3,2006,"€2911,74"
1000,Teriann,Rathbourne,trathbournerr@wikispaces.com,Lexus,LS,1996,"€3095,64"
